Symbol,Name
AUDUSD=X,AUD/USD
AUDCHF=X,AUD/CHF
AUDNZD=X,AUD/NZD
AUDEUR=X,AUD/EUR
AUDTWD=X,AUD/TWD
AUDMXN=X,AUD/MXN
AUDJPY=X,AUD/JPY
NZDJPY=X,NZD/JPY
EURXAF=X,EUR/XAF
EURPEN=X,EUR/PEN
EURBDT=X,EUR/BDT
CAD=X,USD/CAD
AZNUSD=X,AZN/USD
AZNCHF=X,AZN/CHF
AUDSCR=X,AUD/SCR
AUDMOP=X,AUD/MOP
AUDKRW=X,AUD/KRW
AUDHNL=X,AUD/HNL
AUDGIP=X,AUD/GIP
AUDGBP=X,AUD/GBP
AUDCZK=X,AUD/CZK
AUDCLP=X,AUD/CLP
AUDCAD=X,AUD/CAD
ARSKRW=X,ARS/KRW
ARSGBP=X,ARS/GBP
ALLGBP=X,ALL/GBP
AEDTWD=X,AED/TWD
AEDSEK=X,AED/SEK
AEDQAR=X,AED/QAR
AEDOMR=X,AED/OMR
AEDMXN=X,AED/MXN
AEDMAD=X,AED/MAD
AEDLTL=X,AED/LTL
AEDKWD=X,AED/KWD
AEDHKD=X,AED/HKD
AEDCNY=X,AED/CNY
AEDAUD=X,AED/AUD
AEDKRW=X,AED/KRW
AEDUSD=X,AED/USD
ARSCOP=X,ARS/COP
AUDRON=X,AUD/RON
ARSUSD=X,ARS/USD
AEDISK=X,AED/ISK
AEDLVL=X,AED/LVL
EURUYU=X,EUR/UYU
EUR-BDT.F,EUR-BDT.F
AEDPHP=X,AED/PHP
AEDCAD=X,AED/CAD
AUDBMD=X,AUD/BMD
ARSCLP=X,ARS/CLP
AWG=X,USD/AWG
AUDVEF=X,AUD/VEF
ANGEUR=X,ANG/EUR
AEDSGD=X,AED/SGD
AEDKES=X,AED/KES
AEDNZD=X,AED/NZD
ANGZAR=X,ANG/ZAR
EUR-TRY.F,EUR-TRY.F
ARSHKD=X,ARS/HKD
AUDMAD=X,AUD/MAD
AUDTND=X,AUD/TND
AUDMGA=X,AUD/MGA
AUD=X,USD/AUD
AUDILS=X,AUD/ILS
ARSMXN=X,ARS/MXN
AUDOMR=X,AUD/OMR
ARSVEF=X,ARS/VEF
AUDRUB=X,AUD/RUB
AUDLVL=X,AUD/LVL
AEDBHD=X,AED/BHD
EURJOD=X,EUR/JOD
ALLEUR=X,ALL/EUR
881347.VI,881347.VI
AUDBWP=X,AUD/BWP
AUDGHS=X,AUD/GHS
HF52.EX,HF52.EX
AUDCRC=X,AUD/CRC
ANGCHF=X,ANG/CHF
EUR-KZT.F,EUR-KZT.F
AUDIDR=X,AUD/IDR
AUDQAR=X,AUD/QAR
AFN=X,USD/AFN
EUR-PEN.F,EUR-PEN.F
AUDSYP=X,AUD/SYP
AEDCZK=X,AED/CZK
ARSPYG=X,ARS/PYG
AEDNOK=X,AED/NOK
AUDPLN=X,AUD/PLN
EUR-MUR.F,EUR-MUR.F
AUDINR=X,AUD/INR
AEDTND=X,AED/TND
AEDXDR=X,AED/XDR
AUDXCD=X,AUD/XCD
EUR-BWP.F,EUR-BWP.F
EUR-COP.F,EUR-COP.F
AUDTTD=X,AUD/TTD
AUDANG=X,AUD/ANG
AUDFJD=X,AUD/FJD
AEDPKR=X,AED/PKR
AUDEGP=X,AUD/EGP
ALLUSD=X,ALL/USD
AUDHKD=X,AUD/HKD
AUDKYD=X,AUD/KYD
AEDTRY=X,AED/TRY
AEDTHB=X,AED/THB
AEDRUB=X,AED/RUB
AUDBHD=X,AUD/BHD
AEDPLN=X,AED/PLN
EURKES=X,EUR/KES
AEDGBP=X,AED/GBP
AUDDOP=X,AUD/DOP
AUDSGD=X,AUD/SGD
EURBZD=X,EUR/BZD
EUR-HRK.F,EUR/HRK
EUR-LBP.F,EUR-LBP.F
AUDUYU=X,AUD/UYU
AUDMUR=X,AUD/MUR
EUR-KES.F,EUR-KES.F
AEDILS=X,AED/ILS
EURKZT=X,EUR/KZT
AUDERN=X,AUD/ERN
EURTRY=X,EUR/TRY
AUDLTL=X,AUD/LTL
ARSUYU=X,ARS/UYU
EURCOP=X,EUR/COP
AOAUSD=X,AOA/USD
AFNCHF=X,AFN/CHF
AUDCNH=X,AUD/CNH
ARSPEN=X,ARS/PEN
EUR-BMD.F,EUR-BMD.F
ARSCHF=X,ARS/CHF
AZN=X,USD/AZN
AUDAED=X,AUD/AED
AUDMYR=X,AUD/MYR
AUDNOK=X,AUD/NOK
EURBWP=X,EUR/BWP
AUDBZD=X,AUD/BZD
ARSBRL=X,ARS/BRL
ANGGBP=X,ANG/GBP
EUR-BOB.F,EUR-BOB.F
EUR-UYU.F,EUR-UYU.F
AUDSAR=X,AUD/SAR
AZNGBP=X,AZN/GBP
AUDLKR=X,AUD/LKR
AEDLKR=X,AED/LKR
AEDHUF=X,AED/HUF
AUDGTQ=X,AUD/GTQ
AEDEUR=X,AED/EUR
AUDXDR=X,AUD/XDR
AEDJPY=X,AED/JPY
AEDINR=X,AED/INR
AUDHUF=X,AUD/HUF
AMD=X,USD/AMD
AUDRSD=X,AUD/RSD
AEDMUR=X,AED/MUR
AUDPYG=X,AUD/PYG
ARSAUD=X,ARS/AUD
ARSJPY=X,ARS/JPY
AOAGBP=X,AOA/GBP
AUDHRK=X,AUD/HRK
CNY=X,USD/CNY
AUDXPF=X,AUD/XPF
ARSBOB=X,ARS/BOB
EURBMD=X,EUR/BMD
AWGCHF=X,AWG/CHF
ANGSRD=X,ANG/SRD
ARSCAD=X,ARS/CAD
ARS=X,USD/ARS
AUDPHP=X,AUD/PHP
ANG=X,USD/ANG
AEDZAR=X,AED/ZAR
ARSEUR=X,ARS/EUR
IACWE.PA,SPDR ACWE INAV
AED=X,USD/AED
AUDJOD=X,AUD/JOD
EUR-BZD.F,EUR-BZD.F
AUKOT.SW,AUKOT.SW
AEDEGP=X,UAE Dirham (b) vs Egyptian Poun
AUDTJS=X,AUD/TJS
EUR-ZMK.F,EUR-ZMK.F
AWGEUR=X,AWG/EUR
ANGCAD=X,ANG/CAD
AUDPKR=X,AUD/PKR
AEDJOD=X,AED/JOD
ARSTHB=X,ARS/THB
EURHRK=X,EUR/HRK
EURLBP=X,EUR/LBP
ARSDKK=X,ARS/DKK
AWGGBP=X,AWG/GBP
AUDTHB=X,AUD/THB
AUDBOB=X,AUD/BOB
EUR-XAF.F,EUR-XAF.F
AFNUSD=X,AFN/USD
AUDJMD=X,AUD/JMD
AEDSAR=X,AED/SAR
AUDKWD=X,AUD/KWD
AOA=X,USD/AOA
AUDISK=X,AUD/ISK
EURMUR=X,EUR/MUR
AUDDKK=X,AUD/DKK
AUGLE.SW,AUGLE.SW
AUDKES=X,AUD/KES
AEDDKK=X,AED/DKK
ARSSGD=X,ARS/SGD
EUR-JOD.F,EUR-JOD.F
AEDIDR=X,AED/IDR
AUDTMT=X,AUD/TMT
AUDUGX=X,AUD/UGX
AUDBRL=X,AUD/BRL
AOACHF=X,AOA/CHF
AUDARS=X,AUD/ARS
AUDAWG=X,AUD/AWG
AUDCNY=X,AUD/CNY
AWGUSD=X,AWG/USD
EURBOB=X,EUR/BOB
AUDZAR=X,AUD/ZAR
AEDCHF=X,AED/CHF
AUDPEN=X,AUD/PEN
AEDIQD=X,AED/IQD
AUDBAM=X,AUD/BAM
AOAEUR=X,AOA/EUR
ANGUSD=X,ANG/USD
AZNEUR=X,AZN/EUR
AUDBBD=X,AUD/BBD
AUDSVC=X,AUD/SVC
AUDCOP=X,AUD/COP
ALL=X,USD/ALL
AFNEUR=X,AFN/EUR
ALLCHF=X,ALL/CHF
AUDBSD=X,AUD/BSD
AUDTRY=X,AUD/TRY
AUDSEK=X,AUD/SEK
BTCUSD=X,Bitcoin USD
BWPMAD=X,BWP/MAD
BWPKYD=X,BWP/KYD
BWPISK=X,BWP/ISK
BWPINR=X,BWP/INR
BWPIDR=X,BWP/IDR
BWPFJD=X,BWP/FJD
BWPEUR=X,BWP/EUR
BWPBDT=X,BWP/BDT
BRLINR=X,BRL/INR
BOBVEF=X,BOB/VEF
BOBUSD=X,BOB/USD
BOBPEN=X,BOB/PEN
BOBCOP=X,BOB/COP
BOBCHF=X,BOB/CHF
BMDUSD=X,BMD/USD
BMD=X,USD/BMD
BHDOMR=X,BHD/OMR
BHDJPY=X,BHD/JPY
BHDEUR=X,BHD/EUR
BHDCHF=X,BHD/CHF
BHDAED=X,BHD/AED
BBDDKK=X,BBD/DKK
BWPNGN=X,BWP/NGN
BWPTOP=X,BWP/TOP
BWPGBP=X,BWP/GBP
BTN=X,USD/BTN
BWPHUF=X,BWP/HUF
BND=X,USD/BND
BNDGBP=X,BND/GBP
BRLCAD=X,BRL/CAD
BRLRUB=X,BRL/RUB
BWPMUR=X,BWP/MUR
BAMGBP=X,BAM/GBP
BTNUSD=X,BTN/USD
BRLPEN=X,BRL/PEN
BWPTRY=X,BWP/TRY
BWPSEK=X,BWP/SEK
BMDDKK=X,BMD/DKK
BWPAUD=X,BWP/AUD
BWPXDR=X,BWP/XDR
BHDXDR=X,BHD/XDR
BWPRUB=X,BWP/RUB
BRLCHF=X,BRL/CHF
BOB=X,USD/BOB
BMDGBP=X,BMD/GBP
BRLDKK=X,BRL/DKK
BWPCHF=X,BWP/CHF
BRLMYR=X,BRL/MYR
BDTHKD=X,BDT/HKD
BDTCAD=X,BDT/CAD
BWPKES=X,BWP/KES
BWPCNY=X,BWP/CNY
BWPMYR=X,BWP/MYR
BRLHKD=X,BRL/HKD
BHDNZD=X,BHD/NZD
BRLTHB=X,BRL/THB
BWPPGK=X,BWP/PGK
BWPRSD=X,BWP/RSD
BAMEUR=X,BAM/EUR
BBDUSD=X,BBD/USD
BHDSAR=X,BHD/SAR
BWPZMW=X,BWP/ZMW
BWPBMD=X,BWP/BMD
BZDGBP=X,BZD/GBP
BWPOMR=X,BWP/OMR
BRLCNY=X,BRL/CNY
GDEBM.MDD,GDEBM.MDD
BWPRON=X,BWP/RON
BGNGBP=X,BGN/GBP
BOBUYU=X,BOB/UYU
BRLTRY=X,BRL/TRY
BHD=X,USD/BHD
BNDIDR=X,BND/IDR
BWPNOK=X,BWP/NOK
BTNGBP=X,BTN/GBP
BRLEUR=X,BRL/EUR
BWPTZS=X,BWP/TZS
BOBBRL=X,BOB/BRL
BZDCHF=X,BZD/CHF
BWPCLF=X,BWP/CLF
BWPBGN=X,BWP/BGN
BSDCAD=X,BSD/CAD
BNDUSD=X,BND/USD
BWPMWK=X,BWP/MWK
BWPZAR=X,BWP/ZAR
BWPHKD=X,BWP/HKD
BZD=X,USD/BZD
BWP=X,USD/BWP
BRLUYU=X,BRL/UYU
BGNCHF=X,BGN/CHF
BWPBHD=X,BWP/BHD
CHBEZ.SW,CHBEZ.SW
BBDEUR=X,BBD/EUR
BWPNAD=X,BWP/NAD
BIF=X,USD/BIF
BRLZAR=X,BRL/ZAR
BAMCHF=X,BAM/CHF
BDTSGD=X,BDT/SGD
BOBMXN=X,BOB/MXN
BWPKZT=X,BWP/KZT
BDT=X,USD/BDT
BWPXOF=X,BWP/XOF
BRLSGD=X,BRL/SGD
BSDGBP=X,BSD/GBP
BWPJOD=X,BWP/JOD
BBDCHF=X,BBD/CHF
BRLARS=X,BRL/ARS
BWPJPY=X,BWP/JPY
BNDCHF=X,BND/CHF
BRLILS=X,BRL/ILS
BWPPEN=X,BWP/PEN
BZDEUR=X,BZD/EUR
BWPPKR=X,BWP/PKR
BWPSGD=X,BWP/SGD
BMS.PA,BMS.PA
BWPAED=X,BWP/AED
BRLCOP=X,BRL/COP
BRLIDR=X,BRL/IDR
BWPCOP=X,BWP/COP
BWPKWD=X,BWP/KWD
BNDXDR=X,BND/XDR
BHDPKR=X,BHD/PKR
BNDDKK=X,BND/DKK
BWPCNH=X,BWP/CNH
BGNPLN=X,BGN/PLN
BHDUSD=X,BHD/USD
BHDQAR=X,BHD/QAR
BBDGBP=X,BBD/GBP
BWPCZK=X,BWP/CZK
BWPTHB=X,BWP/THB
BYR=X,USD/BYR
BWPLKR=X,BWP/LKR
BDTUSD=X,BDT/USD
BHDHKD=X,BHD/HKD
BWPSBD=X,BWP/SBD
BRLMXN=X,BRL/MXN
BWPKRW=X,BWP/KRW
BWPUGX=X,BWP/UGX
BWPUSD=X,BWP/USD
BAMUSD=X,BAM/USD
BTNEUR=X,BTN/EUR
BRLPYG=X,BRL/PYG
BWPTWD=X,BWP/TWD
BDTJPY=X,BDT/JPY
BOBEUR=X,BOB/EUR
BHDGBP=X,BHD/GBP
BGNEUR=X,BGN/EUR
BRLUSD=X,BRL/USD
BWPGHS=X,BWP/GHS
BRLSEK=X,BRL/SEK
BHDSGD=X,BHD/SGD
BAM=X,USD/BAM
BZDUSD=X,BZD/USD
BWPRWF=X,BWP/RWF
BGN=X,USD/BGN
BBD=X,USD/BBD
BWPTND=X,BWP/TND
BWPILS=X,BWP/ILS
BRLKRW=X,BRL/KRW
BWPANG=X,BWP/ANG
BOBPYG=X,BOB/PYG
BRLVEF=X,BRL/VEF
BWPHRK=X,BWP/HRK
BWPCLP=X,BWP/CLP
BWPAFN=X,BWP/AFN
BSDUSD=X,BSD/USD
BOBARS=X,BOB/ARS
BDTGBP=X,BDT/GBP
BSDCHF=X,BSD/CHF
BWPMXN=X,BWP/MXN
BWPDKK=X,BWP/DKK
BWPCAD=X,BWP/CAD
BOBGBP=X,BOB/GBP
BDTSEK=X,BDT/SEK
BWPSAR=X,BWP/SAR
BHDDKK=X,BHD/DKK
BSDEUR=X,BSD/EUR
BGNTRY=X,BGN/TRY
BRLJPY=X,BRL/JPY
BWPPHP=X,BWP/PHP
BRLGBP=X,BRL/GBP
BGNCZK=X,BGN/CZK
BRL=X,USD/BRL
BDTCHF=X,BDT/CHF
BHDKWD=X,BHD/KWD
BWPMOP=X,BWP/MOP
BDTEUR=X,BDT/EUR
BSD=X,USD/BSD
BGNTHB=X,BGN/THB
BWPBRL=X,BWP/BRL
BGNUSD=X,BGN/USD
BWPZWL=X,BWP/ZWL
BSDDKK=X,BSD/DKK
BNDEUR=X,BND/EUR
BWPEGP=X,BWP/EGP
BWPNZD=X,BWP/NZD
BRLXDR=X,BRL/XDR
BWPWST=X,BWP/WST
BOBCLP=X,BOB/CLP
BMDEUR=X,BMD/EUR
BRLNZD=X,BRL/NZD
BRLAUD=X,BRL/AUD
BWPARS=X,BWP/ARS
BRLBOB=X,BRL/BOB
BGNDKK=X,BGN/DKK
BGNLVL=X,BGN/LVL
BRLNOK=X,BRL/NOK
BMDCHF=X,BMD/CHF
BRLCLP=X,BRL/CLP
BWPVND=X,BWP/VND
BWPQAR=X,BWP/QAR
CADUSD=X,CAD/USD
CHFUSD=X,CHF/USD
CNYUSD=X,CNY/USD
CHFEUR=X,CHF/EUR
NZDGBP=X,NZD/GBP
CVECHF=X,CVE/CHF
CHFJPY=X,CHF/JPY
CADJPY=X,CAD/JPY
ZARSGD=X,ZAR/SGD
ZARSEK=X,ZAR/SEK
ZARMYR=X,ZAR/MYR
ZARJPY=X,ZAR/JPY
ZARCAD=X,ZAR/CAD
ZARAUD=X,ZAR/AUD
NZDCAD=X,NZD/CAD
NOKZAR=X,NOK/ZAR
NOKJPY=X,NOK/JPY
NOKGBP=X,NOK/GBP
JPYTRY=X,JPY/TRY
EURDOP=X,EUR/DOP
CZKZAR=X,CZK/ZAR
CZKRSD=X,CZK/RSD
CZKPHP=X,CZK/PHP
CZKLKR=X,CZK/LKR
CZKHKD=X,CZK/HKD
CZKBRL=X,CZK/BRL
CZKBGN=X,CZK/BGN
CZKBDT=X,CZK/BDT
CVE=X,USD/CVE
CUPGBP=X,CUP/GBP
CUP=X,USD/CUP
COPTHB=X,COP/THB
CNYTRY=X,CNY/TRY
CNYPHP=X,CNY/PHP
CNYLTL=X,CNY/LTL
CNYJPY=X,CNY/JPY
CNYILS=X,CNY/ILS
CNYGHS=X,CNY/GHS
CNYBWP=X,CNY/BWP
CNYAED=X,CNY/AED
CNHUSD=X,CNH/USD
CLF=X,USD/CLF
CHFZAR=X,CHF/ZAR
CHFVND=X,CHF/VND
CHFUAH=X,CHF/UAH
CHFTRY=X,CHF/TRY
CHFSOS=X,CHF/SOS
CHFMUR=X,CHF/MUR
CHFMKD=X,CHF/MKD
CHFMDL=X,CHF/MDL
CHFKPW=X,CHF/KPW
CHFIRR=X,CHF/IRR
CHFHRK=X,CHF/HRK
CHFBYR=X,CHF/BYR
CHFBND=X,CHF/BND
CHFBAM=X,CHF/BAM
CHFAWG=X,CHF/AWG
CADZAR=X,CAD/ZAR
CADWST=X,CAD/WST
CADTZS=X,CAD/TZS
CADTWD=X,CAD/TWD
CADTND=X,CAD/TND
CADSGD=X,CAD/SGD
CADSBD=X,CAD/SBD
CADSAR=X,CAD/SAR
CADRUB=X,CAD/RUB
CADRSD=X,CAD/RSD
CADPLN=X,CAD/PLN
CADNZD=X,CAD/NZD
CADMVR=X,CAD/MVR
CADMDL=X,CAD/MDL
CADLRD=X,CAD/LRD
CADKZT=X,CAD/KZT
CADKES=X,CAD/KES
CADGYD=X,CAD/GYD
CADGIP=X,CAD/GIP
CADGBP=X,CAD/GBP
CADEUR=X,CAD/EUR
CADCHF=X,CAD/CHF
CADAMD=X,CAD/AMD
CADAFN=X,CAD/AFN
CLFJPY=X,CLF/JPY
CNYAUD=X,CNY/AUD
CHFNAD=X,CHF/NAD
CADKYD=X,CAD/KYD
CLFEUR=X,CLF/EUR
EURDZD=X,EUR/DZD
NZDSEK=X,NZD/SEK
CADMGA=X,CAD/MGA
CHFRSD=X,CHF/RSD
11667427.SW,11667427.SW
CHFBIF=X,CHF/BIF
CNH=X,USD/CNH
CZKVUV=X,CZK/VUV
CHFCLP=X,CHF/CLP
CHFAZN=X,CHF/AZN
CNYKES=X,CNY/KES
CZKMYR=X,CZK/MYR
CHFILS=X,CHF/ILS
CNYSEK=X,CNY/SEK
CZKINR=X,CZK/INR
CHFKYD=X,CHF/KYD
CHFUYU=X,CHF/UYU
CHFARS=X,CHF/ARS
CNYUGX=X,CNY/UGX
EUR-ILS.F,EUR-ILS.F
CADMOP=X,CAD/MOP
CZKARS=X,CZK/ARS
CHFUGX=X,CHF/UGX
CADTRY=X,CAD/TRY
CHFAMD=X,CHF/AMD
CADTTD=X,CAD/TTD
CADYER=X,CAD/YER
CADBMD=X,CAD/BMD
CADVEF=X,CAD/VEF
CHFVEF=X,CHF/VEF
CHFCUP=X,CHF/CUP
CHFTJS=X,CHF/TJS
CHFPGK=X,CHF/PGK
CADPYG=X,CAD/PYG
CZKKES=X,CZK/KES
CZKISK=X,CZK/ISK
EUR-MNT.F,EUR-MNT.F
CHFPAB=X,CHF/PAB
CNHINR=X,CNH/INR
CZKVEF=X,CZK/VEF
CADSHP=X,CAD/SHP
CZKJOD=X,CZK/JOD
CHFEGP=X,CHF/EGP
CADBTN=X,CAD/BTN
CADPAB=X,CAD/PAB
CZKBAM=X,CZK/BAM
CHFKHR=X,CHF/KHR
CNYMXN=X,CNY/MXN
CADBIF=X,CAD/BIF
CHFGBP=X,CHF/GBP
CZKBND=X,CZK/BND
CZKJPY=X,CZK/JPY
CADUAH=X,CAD/UAH
CHFRUB=X,CHF/RUB
CADBDT=X,CAD/BDT
CHFDZD=X,CHF/DZD
CHFNPR=X,CHF/NPR
CNYGBP=X,CNY/GBP
CHFDEM=X,CHF/DEM
CNYMUR=X,CNY/MUR
CNYJOD=X,CNY/JOD
CLPJPY=X,CLP/JPY
CNYDKK=X,CNY/DKK
CADAWG=X,CAD/AWG
CHFBZD=X,CHF/BZD
CHFBRL=X,CHF/BRL
CNHGBP=X,CNH/GBP
CHFXAF=X,CHF/XAF
CUPUSD=X,CUP/USD
CADSZL=X,CAD/SZL
CADPGK=X,CAD/PGK
CHFSYP=X,CHF/SYP
NOKNZD=X,NOK/NZD
CADFKP=X,CAD/FKP
CHFNOK=X,CHF/NOK
CADKMF=X,CAD/KMF
CADCNY=X,CAD/CNY
CHFLYD=X,CHF/LYD
RSO.PA,RSO.PA
CHFLRD=X,CHF/LRD
ZARNZD=X,ZAR/NZD
CADMMK=X,CAD/MMK
CZKNZD=X,CZK/NZD
CHFMOP=X,CHF/MOP
CHFKGS=X,CHF/KGS
CHFMGA=X,CHF/MGA
CNYXDR=X,CNY/XDR
CNYLVL=X,CNY/LVL
CHFHKD=X,CHF/HKD
CADXCD=X,CAD/XCD
CHFOMR=X,CHF/OMR
CADMRO=X,CAD/MRO
CADNOK=X,CAD/NOK
CHFHUF=X,CHF/HUF
CADAOA=X,CAD/AOA
CADSLL=X,CAD/SLL
EURILS=X,EUR/ILS
CNYKRW=X,CNY/KRW
CADFJD=X,CAD/FJD
CLPBRL=X,CLP/BRL
CZKTHB=X,CZK/THB
CADBSD=X,CAD/BSD
EUR-GEL.F,EUR-GEL.F
CHFFJD=X,CHF/FJD
CADANG=X,CAD/ANG
CHFCAD=X,CHF/CAD
CHFMVR=X,CHF/MVR
CZKBHD=X,CZK/BHD
CADZMW=X,CAD/ZMW
CNHSGD=X,CNH/SGD
CADBND=X,CAD/BND
CHFBWP=X,CHF/BWP
CZKTND=X,CZK/TND
CADPHP=X,CAD/PHP
CADSEK=X,CAD/SEK
CNYCAD=X,CNY/CAD
CHFSHP=X,CHF/SHP
CUPEUR=X,CUP/EUR
CNYZAR=X,CNY/ZAR
CHFGHS=X,CHF/GHS
CZK=X,USD/CZK
CHFJOD=X,CHF/JOD
CHFNZD=X,CHF/NZD
CZKHUF=X,CZK/HUF
CDF=X,USD/CDF
CHFWST=X,CHF/WST
CADSRD=X,CAD/SRD
CADCLP=X,CAD/CLP
HKDSEK=X,HKD/SEK
CHFMZN=X,CHF/MZN
CHFPYG=X,CHF/PYG
CADLVL=X,CAD/LVL
CADLTL=X,CAD/LTL
CADMUR=X,CAD/MUR
CNYEUR=X,CNY/EUR
13750330.SW,13750330.SW
SGDSEK=X,SGD/SEK
CZKGBP=X,CZK/GBP
CHFSRD=X,CHF/SRD
CADLKR=X,CAD/LKR
CHFGNF=X,CHF/GNF
CHFERN=X,CHF/ERN
NOKCAD=X,NOK/CAD
CHF=X,USD/CHF
CHFKRW=X,CHF/KRW
CZKUSD=X,CZK/USD
CHFXOF=X,CHF/XOF
CNHKRW=X,CNH/KRW
CADLBP=X,CAD/LBP
CHFLKR=X,CHF/LKR
ZARNOK=X,ZAR/NOK
CADAZN=X,CAD/AZN
CHFALL=X,CHF/ALL
CZKSGD=X,CZK/SGD
CZKKWD=X,CZK/KWD
ZARHKD=X,ZAR/HKD
CLPCOP=X,CLP/COP
CADBRL=X,CAD/BRL
CADVND=X,CAD/VND
CNYSAR=X,CNY/SAR
CNYNZD=X,CNY/NZD
CADNIO=X,CAD/NIO
CHFKES=X,CHF/KES
CHFBMD=X,CHF/BMD
CZKIDR=X,CZK/IDR
CLPDKK=X,CLP/DKK
CADIDR=X,CAD/IDR
CNYMAD=X,CNY/MAD
CNYIDR=X,CNY/IDR
CZKTRY=X,CZK/TRY
CHFPHP=X,CHF/PHP
CHFJMD=X,CHF/JMD
CADKWD=X,CAD/KWD
CADUGX=X,CAD/UGX
CADUZS=X,CAD/UZS
CADNPR=X,CAD/NPR
CHFRON=X,CHF/RON
CNYTWD=X,CNY/TWD
CHFTHB=X,CHF/THB
CADMZN=X,CAD/MZN
CZKKRW=X,CZK/KRW
CHFMMK=X,CHF/MMK
CNHTWD=X,CNH/TWD
COPMXN=X,COP/MXN
ILSEUR=X,ILS/EUR
CADMYR=X,CAD/MYR
CADISK=X,CAD/ISK
CZKEUR=X,CZK/EUR
CZKAUD=X,CZK/AUD
CADTJS=X,CAD/TJS
CHFCRC=X,CHF/CRC
CHFISK=X,CHF/ISK
CNYBRL=X,CNY/BRL
CHFTWD=X,CHF/TWD
CZKUYU=X,CZK/UYU
CADMKD=X,CAD/MKD
CZKLTL=X,CZK/LTL
CHFTTD=X,CHF/TTD
CADCRC=X,CAD/CRC
CHFBDT=X,CHF/BDT
CNYNOK=X,CNY/NOK
CADKRW=X,CAD/KRW
ZARGBP=X,ZAR/GBP
CHFSLL=X,CHF/SLL
9B4B.MU,9B4B.MU
CHFRWF=X,CHF/RWF
CADBGN=X,CAD/BGN
HRK=X,USD/HRK
CHFCNY=X,CHF/CNY
CHFZWL=X,CHF/ZWL
MYRGBP=X,MYR/GBP
COPJPY=X,COP/JPY
CADSOS=X,CAD/SOS
CNYLKR=X,CNY/LKR
CADJOD=X,CAD/JOD
EUR-ETB.F,EUR-ETB.F
CRC=X,USD/CRC
CZKAED=X,CZK/AED
CADILS=X,CAD/ILS
CADNGN=X,CAD/NGN
CZKPGK=X,CZK/PGK
CNYTHB=X,CNY/THB
CZKCOP=X,CZK/COP
EURGEL=X,EUR/GEL
CNYTND=X,CNY/TND
CHFGEL=X,CHF/GEL
CHFSBD=X,CHF/SBD
CHFNGN=X,CHF/NGN
CHFLBP=X,CHF/LBP
CADXOF=X,CAD/XOF
CADJMD=X,CAD/JMD
XCP=X,COPPER HIGHGRADE
COPCLP=X,COP/CLP
CADZWL=X,CAD/ZWL
COP=X,USD/COP
CHFGTQ=X,CHF/GTQ
CHFBHD=X,CHF/BHD
NZDNOK=X,NZD/NOK
CZKLBP=X,CZK/LBP
SEKNZD=X,SEK/NZD
CADETB=X,CAD/ETB
CADOMR=X,CAD/OMR
CNYMYR=X,CNY/MYR
CHFZMW=X,CHF/ZMW
CADLSL=X,CAD/LSL
CZKCAD=X,CZK/CAD
CADCZK=X,CAD/CZK
CZKNOK=X,CZK/NOK
CNHPHP=X,CNH/PHP
CNHHKD=X,CNH/HKD
CNYEGP=X,CNY/EGP
NZDZAR=X,NZD/ZAR
EUR-GIP.F,EUR-GIP.F
CZKOMR=X,CZK/OMR
CADSVC=X,CAD/SVC
CZKTWD=X,CZK/TWD
CADHUF=X,CAD/HUF
CADQAR=X,CAD/QAR
CADTHB=X,CAD/THB
CHFFKP=X,CHF/FKP
CLPPYG=X,CLP/PYG
SEKNOK=X,SEK/NOK
CHFCVE=X,CHF/CVE
CZKMXN=X,CZK/MXN
CADALL=X,CAD/ALL
CHFBGN=X,CHF/BGN
CADXPF=X,CAD/XPF
CADBHD=X,CAD/BHD
CLPTHB=X,CLP/THB
CHFITL=X,CHF/ITL
CLFUSD=X,CLF/USD
CNYOMR=X,CNY/OMR
CADBOB=X,CAD/BOB
CHFCZK=X,CHF/CZK
CHFPEN=X,CHF/PEN
CHFNIO=X,CHF/NIO
CADHTG=X,CAD/HTG
CHFCNH=X,CHF/CNH
CADGTQ=X,CAD/GTQ
CZKQAR=X,CZK/QAR
CADGMD=X,CAD/GMD
CADLYD=X,CAD/LYD
CADBWP=X,CAD/BWP
HKDNOK=X,HKD/NOK
CHFSVC=X,CHF/SVC
CNYHKD=X,CNY/HKD
CADTOP=X,CAD/TOP
CADKGS=X,CAD/KGS
CHFUZS=X,CHF/UZS
CADVUV=X,CAD/VUV
CNYKWD=X,CNY/KWD
CADHRK=X,CAD/HRK
CZKPEN=X,CZK/PEN
CHFBOB=X,CHF/BOB
CHFTND=X,CHF/TND
CADKPW=X,CAD/KPW
SGDGBP=X,SGD/GBP
CHFLTL=X,CHF/LTL
CHFAUD=X,CHF/AUD
KESISK=X,KES/ISK
EUR-DZD.F,EUR-DZD.F
CLP=X,USD/CLP
CHFKZT=X,CHF/KZT
CADSTD=X,CAD/STD
CLFCLP=X,CLF/CLP
CADDKK=X,CAD/DKK
CADDZD=X,CAD/DZD
CHFLVL=X,CHF/LVL
MYRNOK=X,MYR/NOK
CHFMAD=X,CHF/MAD
EURAFN=X,EUR/AFN
EURMNT=X,EUR/MNT
CLPVEF=X,CLP/VEF
CZKCHF=X,CZK/CHF
CZKLVL=X,CZK/LVL
CADXAF=X,CAD/XAF
CHFIQD=X,CHF/IQD
CADGHS=X,CAD/GHS
CADEGP=X,CAD/EGP
CYP=X,CYP=X
CADIQD=X,CAD/IQD
CVEUSD=X,CVE/USD
CVEDKK=X,CVE/DKK
CHFSEK=X,CHF/SEK
CHFHNL=X,CHF/HNL
19664658.SW,19664658.SW
CHFAOA=X,CHF/AOA
CNYSGD=X,CNY/SGD
CNYINR=X,CNY/INR
SGDNOK=X,SGD/NOK
CADTMT=X,CAD/TMT
CHFMNT=X,CHF/MNT
HKDGBP=X,HKD/GBP
CZKRON=X,CZK/RON
CHFYER=X,CHF/YER
CHFLAK=X,CHF/LAK
CHFGYD=X,CHF/GYD
CHTIE.SW,CHTIE.SW
CHFMWK=X,CHF/MWK
CADMNT=X,CAD/MNT
CADHKD=X,CAD/HKD
EURSLL=X,EUR/SLL
CADCVE=X,CAD/CVE
CZKDKK=X,CZK/DKK
CADSCR=X,CAD/SCR
CHFSCR=X,CHF/SCR
CHFKMF=X,CHF/KMF
CHFSAR=X,CHF/SAR
CHFHTG=X,CHF/HTG
CHFGMD=X,CHF/GMD
CZKPKR=X,CZK/PKR
CADNAD=X,CAD/NAD
CNYRUB=X,CNY/RUB
CADCDF=X,CAD/CDF
CHFXDR=X,CHF/XDR
CLPUYU=X,CLP/UYU
CHFMYR=X,CHF/MYR
CLPBOB=X,CLP/BOB
CADLAK=X,CAD/LAK
CADHNL=X,CAD/HNL
CADBZD=X,CAD/BZD
CADINR=X,CAD/INR
EURGIP=X,EUR/GIP
CHFANG=X,CHF/ANG
CADKHR=X,CAD/KHR
SEKZAR=X,SEK/ZAR
CHFKWD=X,CHF/KWD
CADMXN=X,CAD/MXN
CHFSTD=X,CHF/STD
CHFSGD=X,CHF/SGD
CADSYP=X,CAD/SYP
CADXDR=X,CAD/XDR
CADGNF=X,CAD/GNF
20161078.SW,20161078.SW
CZKSAR=X,CZK/SAR
MYRSEK=X,MYR/SEK
CHFETB=X,CHF/ETB
EUR-SLL.F,EUR-SLL.F
CLPPEN=X,CLP/PEN
CADDJF=X,CAD/DJF
CHFCDF=X,CHF/CDF
CADBAM=X,CAD/BAM
CNYISK=X,CNY/ISK
CHFQAR=X,CHF/QAR
CADAED=X,CAD/AED
EURETB=X,EUR/ETB
CLFGBP=X,CLF/GBP
CHFAED=X,CHF/AED
CHFXCD=X,CHF/XCD
CADCOP=X,CAD/COP
CNHIDR=X,CNH/IDR
CHFTOP=X,CHF/TOP
CZKMUR=X,CZK/MUR
CHFTMT=X,CHF/TMT
CZKXDR=X,CZK/XDR
CNYCHF=X,CNY/CHF
NOKAUD=X,NOK/AUD
CHFLSL=X,CHF/LSL
CADPEN=X,CAD/PEN
22372094.SW,22372094.SW
CZKNGN=X,CZK/NGN
CHFBTN=X,CHF/BTN
CHFBBD=X,CHF/BBD
CNYPLN=X,CNY/PLN
CHFMXN=X,CHF/MXN
CADSDG=X,CAD/SDG
CHFXPF=X,CHF/XPF
KESINR=X,KES/INR
CZKMAD=X,CZK/MAD
CADRON=X,CAD/RON
CHFTZS=X,CHF/TZS
CADBBD=X,CAD/BBD
CNHTHB=X,CNH/THB
CHFDKK=X,CHF/DKK
CNYQAR=X,CNY/QAR
CADBYR=X,CAD/BYR
CZKEGP=X,CZK/EGP
CZKCNY=X,CZK/CNY
CHFINR=X,CHF/INR
SEKAUD=X,SEK/AUD
CHFGIP=X,CHF/GIP
CADGEL=X,CAD/GEL
CZKBOB=X,CZK/BOB
CHFDOP=X,CHF/DOP
CHFMRO=X,CHF/MRO
CZKPLN=X,CZK/PLN
CZKCLP=X,CZK/CLP
CHFSDG=X,CHF/SDG
CADRWF=X,CAD/RWF
CHFPLN=X,CHF/PLN
CLPKRW=X,CLP/KRW
CHFIDR=X,CHF/IDR
CNYCZK=X,CNY/CZK
CHFAFN=X,CHF/AFN
19662920.SW,19662920.SW
CADDOP=X,CAD/DOP
CHFPKR=X,CHF/PKR
CHFSZL=X,CHF/SZL
CADCUP=X,CAD/CUP
CHFVUV=X,CHF/VUV
CADERN=X,CAD/ERN
CLPARS=X,CLP/ARS
COPUYU=X,COP/UYU
CZKUAH=X,CZK/UAH
CADIRR=X,CAD/IRR
CZKILS=X,CZK/ILS
CADMWK=X,CAD/MWK
CHFBSD=X,CHF/BSD
ZARANG=X,ZAR/ANG
CHFDJF=X,CHF/DJF
CADAUD=X,CAD/AUD
EUR-AFN.F,EUR-AFN.F
CADUYU=X,CAD/UYU
CADMAD=X,CAD/MAD
CNYHUF=X,CNY/HUF
CLPMXN=X,CLP/MXN
CZKRUB=X,CZK/RUB
EUR-DOP.F,EUR-DOP.F
CZKSEK=X,CZK/SEK
CADARS=X,CAD/ARS
CHFCOP=X,CHF/COP
CZKBMD=X,CZK/BMD
CNHJPY=X,CNH/JPY
CADCNH=X,CAD/CNH
CADPKR=X,CAD/PKR
COPPYG=X,COP/PYG
DOPGBP=X,DOP/GBP
DOPEUR=X,DOP/EUR
DKKTWD=X,DKK/TWD
DKKTND=X,DKK/TND
DKKSAR=X,DKK/SAR
DKKMYR=X,DKK/MYR
DKKJPY=X,DKK/JPY
DKKHUF=X,DKK/HUF
DKKCLP=X,DKK/CLP
DKKCHF=X,DKK/CHF
DEM=X,USD/DEM
DKKQAR=X,DKK/QAR
DKKBAM=X,DKK/BAM
DKKCZK=X,DKK/CZK
DKKSGD=X,DKK/SGD
DKKINR=X,DKK/INR
DKKJOD=X,DKK/JOD
PLNSEK=X,PLN/SEK
DKKTRY=X,DKK/TRY
DZDUSD=X,DZD/USD
DKKRON=X,DKK/RON
DKKKWD=X,DKK/KWD
DKKPHP=X,DKK/PHP
DWHEAT.MDD,DWHEAT.MDD
DKKHKD=X,DKK/HKD
DKKKRW=X,DKK/KRW
DKKMXN=X,DKK/MXN
DEMCHF=X,DEM/CHF
DKKGIP=X,DKK/GIP
DJFCHF=X,DJF/CHF
DKKBRL=X,DKK/BRL
DOPUSD=X,DOP/USD
DOPDKK=X,DOP/DKK
DKKOMR=X,DKK/OMR
DKKMUR=X,DKK/MUR
DZDGBP=X,DZD/GBP
DKKPKR=X,DKK/PKR
DJFUSD=X,DJF/USD
DKKIDR=X,DKK/IDR
DKKRSD=X,DKK/RSD
DKK=X,USD/DKK
DOPCHF=X,DOP/CHF
DKKAED=X,DKK/AED
DKKUAH=X,DKK/UAH
DKKTHB=X,DKK/THB
DKKLVL=X,DKK/LVL
DKKLTL=X,DKK/LTL
DKKAUD=X,DKK/AUD
MKDDKK=X,MKD/DKK
DKKPLN=X,DKK/PLN
DJF=X,USD/DJF
DKKSEK=X,DKK/SEK
DKKCAD=X,DKK/CAD
DZDMAD=X,DZD/MAD
DKKKPW=X,DKK/KPW
DZDEUR=X,DZD/EUR
DKKBGN=X,DKK/BGN
DKKNOK=X,DKK/NOK
DKKEUR=X,DKK/EUR
DKKXDR=X,DKK/XDR
DKKLKR=X,DKK/LKR
DJFEUR=X,DJF/EUR
DKKUSD=X,DKK/USD
DKKANG=X,DKK/ANG
DKKGBP=X,DKK/GBP
DKKNZD=X,DKK/NZD
DKKRUB=X,DKK/RUB
DKKISK=X,DKK/ISK
DKKILS=X,DKK/ILS
DZD=X,USD/DZD
DOP=X,USD/DOP
DKKKES=X,DKK/KES
DKKZAR=X,DKK/ZAR
DKKCNY=X,DKK/CNY
DKKEGP=X,DKK/EGP
DKKMAD=X,DKK/MAD
EURUSD=X,EUR/USD
EURGBP=X,EUR/GBP
EURJPY=X,EUR/JPY
EURCHF=X,EUR/CHF
EURSYP=X,EUR/SYP
EURSOS=X,EUR/SOS
EURAUD=X,EUR/AUD
ECS=X,USD/ECS
EURYER=X,EUR/YER
EURVND=X,EUR/VND
EURUGX=X,EUR/UGX
EURSBD=X,EUR/SBD
EURRSD=X,EUR/RSD
EURPLN=X,EUR/PLN
EURPAB=X,EUR/PAB
EURNZD=X,EUR/NZD
EURNPR=X,EUR/NPR
EURMYR=X,EUR/MYR
EURMWK=X,EUR/MWK
EURMVR=X,EUR/MVR
EURMRO=X,EUR/MRO
EURMDL=X,EUR/MDL
EURLKR=X,EUR/LKR
EURLAK=X,EUR/LAK
EURCZK=X,EUR/CZK
EUR=X,USD/EUR
EGPZAR=X,EGP/ZAR
EGPTRY=X,EGP/TRY
EGPMXN=X,EGP/MXN
EGPKRW=X,EGP/KRW
EGPILS=X,EGP/ILS
EGPHUF=X,EGP/HUF
EURBSD=X,EUR/BSD
EURISK=X,EUR/ISK
EURZAR=X,EUR/ZAR
EGPINR=X,EGP/INR
EUR-GBP.F,EUR-GBP.F
EUR-MWK.F,EUR-MWK.F
EUR-SVC.F,EUR-SVC.F
EURMKD=X,EUR/MKD
EURBAM=X,EUR/BAM
EURBGN=X,EUR/BGN
EUR-HUF.F,EUR-HUF.F
EURPKR=X,EUR/PKR
EUR-LVL.F,EUR-LVL.F
EURKRW=X,EUR/KRW
EURAOA=X,EUR/AOA
EUR-TTD.F,EUR-TTD.F
ETBCHF=X,ETB/CHF
EURSVC=X,EUR/SVC
EGPJPY=X,EGP/JPY
EURCRC=X,EUR/CRC
EUR-UZS.F,EUR-UZS.F
EUR-HTG.F,EUR-HTG.F
XF000EURCHF2.SG,XF000EURCHF2.SG
EURAED=X,EUR/AED
EURBIF=X,EUR/BIF
EUR-MMK.F,EUR-MMK.F
EURLVL=X,EUR/LVL
EGPNZD=X,EGP/NZD
EUR-OMR.F,EUR-OMR.F
EUR-PHP.F,EUR-PHP.F
EURGTQ=X,EUR/GTQ
EGPGBP=X,EGP/GBP
EGPAED=X,EGP/AED
EUR-CNY.F,EUR-CNY.F
EUR-EGP.F,EUR-EGP.F
EURALL=X,EUR/ALL
EUR-MAD.F,EUR-MAD.F
EURCAD=X,EUR/CAD
EURCYP=X,EUR/CYP
EURPYG=X,EUR/PYG
EGPAUD=X,EGP/AUD
EUR-YER.F,EUR-YER.F
EUR-HNL.F,EUR-HNL.F
EGPNOK=X,EGP/NOK
EURTOP=X,EUR/TOP
EGPKWD=X,EGP/KWD
EUR-PGK.F,EUR-PGK.F
EURAMD=X,EUR/AMD
EUR-MGA.F,EUR-MGA.F
EURXPF=X,EUR/XPF
EURZMW=X,EUR/ZMW
ETB=X,USD/ETB
EGPSGD=X,EGP/SGD
EUR-SDG.F,EUR-SDG.F
EGPUSD=X,EGP/USD
ERN=X,USD/ERN
EGPKES=X,EGP/KES
EUR-NPR.F,EUR-NPR.F
EURCUP=X,EUR/CUP
EURNAD=X,EUR/NAD
EURSAR=X,EUR/SAR
EGPMAD=X,EGP/MAD
EUREGP=X,EUR/EGP
EURMMK=X,EUR/MMK
EUR-GYD.F,EUR-GYD.F
EUR-BHD.F,EUR-BHD.F
EUR-SZL.F,EUR-SZL.F
EUR-KRW.F,EUR-KRW.F
EGPQAR=X,EGP/QAR
EUR-CUP.F,EUR-CUP.F
EURTHB=X,EUR/THB
EURHTG=X,EUR/HTG
EUR-VND.F,EUR-VND.F
EUR-ISK.F,EUR-ISK.F
EURARS=X,EUR/ARS
EURKMF=X,EUR/KMF
EUR-SYP.F,EUR-SYP.F
EGPEUR=X,EGP/EUR
EUR-CHF.F,EUR-CHF.F
EURZWL=X,EUR/ZWL
EURDJF=X,EUR/DJF
EUR-SCR.F,EUR-SCR.F
EUR-DKK.F,EUR-DKK.F
EGPSAR=X,EGP/SAR
EGPJOD=X,EGP/JOD
EURFKP=X,EUR/FKP
EURMAD=X,EUR/MAD
EURLRD=X,EUR/LRD
EUR-GMD.F,EUR-GMD.F
EUR-ZAR.F,EUR-ZAR.F
EUR-QAR.F,EUR-QAR.F
EONK.F,EONK.F
EGPPKR=X,EGP/PKR
XF000EURBRL1.SG,XF000EURBRL1.SG
EURDKK=X,EUR/DKK
EURIQD=X,EUR/IQD
EUR-HKD.F,EUR-HKD.F
XF000EURHUF4.SG,XF000EURHUF4.SG
EUR-AOA.F,EUR-AOA.F
EGPLKR=X,EGP/LKR
EURAZN=X,EUR/AZN
EURGYD=X,EUR/GYD
EGPOMR=X,EGP/OMR
EURMOP=X,EUR/MOP
EUR-SOS.F,EUR-SOS.F
EUR-XDR.F,EUR-XDR.F
EGPRUB=X,EGP/RUB
EGPLVL=X,EGP/LVL
EUR-CZK.F,EUR-CZK.F
EUR-MOP.F,EUR-MOP.F
EGPHKD=X,EGP/HKD
EUR-XCD.F,EUR-XCD.F
EOYN.F,EOYN.F
EURKHR=X,EUR/KHR
EURSEK=X,EUR/SEK
EURAWG=X,EUR/AWG
EUR-LRD.F,EUR-LRD.F
IDEPM.MDD,IDEPM.MDD
EUR-IRR.F,EUR-IRR.F
EUR-GTQ.F,EUR-GTQ.F
EUR-PYG.F,EUR-PYG.F
EURTZS=X,EUR/TZS
EUR-CNH.F,EUR-CNH.F
EURBYR=X,EUR/BYR
EUROMR=X,EUR/OMR
EURBRL=X,EUR/BRL
EURIRR=X,EUR/IRR
EGPSEK=X,EGP/SEK
EURKYD=X,EUR/KYD
EURANG=X,EUR/ANG
EURGNF=X,EUR/GNF
EUR-RON.F,EUR-RON.F
EUR-KHR.F,EUR-KHR.F
EURPGK=X,EUR/PGK
EURNGN=X,EUR/NGN
XF000EURSEK5.SG,XF000EURSEK5.SG
EUR-GNF.F,EUR-GNF.F
EUR-DJF.F,EUR-DJF.F
EURTWD=X,EUR/TWD
EUR-KYD.F,EUR-KYD.F
EUR-MRO.F,EUR/MRO
EURQAR=X,EUR/QAR
EUR-BAM.F,EUR-BAM.F
EURVEF=X,EUR/VEF
ERNUSD=X,ERN/USD
EURRUB=X,EUR/RUB
EUR-BBD.F,EUR-BBD.F
EURFJD=X,EUR/FJD
XF000EURGBP5.SG,XF000EURGBP5.SG
EOCD.F,EOCD.F
EUR-LYD.F,EUR-LYD.F
EURKGS=X,EUR/KGS
EUR-ARS.F,EUR-ARS.F
EURLSL=X,EUR/LSL
EURUZS=X,EUR/UZS
EURSDG=X,EUR/SDG
EUR-NAD.F,EUR-NAD.F
EURVUV=X,EUR/VUV
EUR-JMD.F,EUR-JMD.F
EUR-SAR.F,EUR-SAR.F
EUR-NZD.F,EUR-NZD.F
EURBBD=X,EUR/BBD
EURBHD=X,EUR/BHD
EUR-CDF.F,EUR-CDF.F
EUR-TMM.F,EUR-TMM.F
EUR-BRL.F,EUR-BRL.F
EURTTD=X,EUR/TTD
EUR-TMT.F,EUR-TMT.F
EURCDF=X,EUR/CDF
EURPHP=X,EUR/PHP
EURSZL=X,EUR/SZL
EURLTL=X,EUR/LTL
EUR-INR.F,EUR-INR.F
EUR-JPY.F,EUR-JPY.F
XF000EURIDR3.SG,XF000EURIDR3.SG
EURUAH=X,EUR/UAH
XF000EURCZK4.SG,XF000EURCZK4.SG
EURBTN=X,EUR/BTN
EUR-CAD.F,EUR-CAD.F
EUR-WST.F,EUR-WST.F
ETBGBP=X,ETB/GBP
EURJMD=X,EUR/JMD
EURKPW=X,EUR/KPW
EUR-PLN.F,EUR-PLN.F
EUR-AUD.F,EUR-AUD.F
EUR-ZMW.F,EUR-ZMW.F
EUR-BGN.F,EUR-BGN.F
EURXOF=X,EUR/XOF
EUR-BND.F,EUR-BND.F
EUR-STD.F,EUR-STD.F
EGPPLN=X,EGP/PLN
EUR-UAH.F,EUR-UAH.F
ETBUSD=X,ETB/USD
EUR-KGS.F,EUR-KGS.F
EURCNH=X,EUR/CNH
EUR-SGD.F,EUR-SGD.F
EURXDR=X,EUR/XDR
EUREUR=X,EUR/EUR
EURTJS=X,EUR/TJS
EUR-EEK.F,EUR-EEK.F
EUR-IDR.F,EUR-IDR.F
EURTND=X,EUR/TND
EUR-MVR.F,EUR-MVR.F
EOLS.F,EOLS.F
EURRWF=X,EUR/RWF
EURMZN=X,EUR/MZN
EURKWD=X,EUR/KWD
ERNEUR=X,ERN/EUR
EUR-RUB.F,EUR-RUB.F
EUR-TWD.F,EUR-TWD.F
EUR-LAK.F,EUR-LAK.F
EURSRD=X,EUR/SRD
EURNOK=X,EUR/NOK
EGPTND=X,EGP/TND
EGPLTL=X,EGP/LTL
EURSHP=X,EUR/SHP
EURBND=X,EUR/BND
EURSCR=X,EUR/SCR
EURNIO=X,EUR/NIO
EUR-RSD.F,EUR-RSD.F
EUR-KWD.F,EUR-KWD.F
EURGMD=X,EUR/GMD
EUR-CRC.F,EUR-CRC.F
EUR-CVE.F,EUR-CVE.F
EURWST=X,EUR/WST
EUR-LSL.F,EUR-LSL.F
EGP=X,USD/EGP
EUR-LKR.F,EUR-LKR.F
EUR-USD.F,EUR-USD.F
EUR-PAB.F,EUR-PAB.F
EURHKD=X,EUR/HKD
EGPMUR=X,EGP/MUR
EURSGD=X,EUR/SGD
EURCNY=X,EUR/CNY
EUR-XPF.F,EUR-XPF.F
EUR-XOF.F,EUR-XOF.F
EUR-BIF.F,EUR-BIF.F
EGPTHB=X,EGP/THB
ETBEUR=X,ETB/EUR
EUR-BYR.F,EUR-BYR.F
EUR-NOK.F,EUR-NOK.F
EGPCZK=X,EGP/CZK
EUR-AZN.F,EUR-AZN.F
EURIDR=X,EUR/IDR
EUR-PKR.F,EUR-PKR.F
EUR-VEF.F,EUR-VEF.F
EURMXN=X,EUR/MXN
EURRON=X,EUR/RON
EUR-MXN.F,EUR-MXN.F
EURHNL=X,EUR/HNL
EUR-TND.F,EUR-TND.F
EUR-EUR.F,EUR-EUR.F
EUR-IQD.F,EUR-IQD.F
EUR-ANG.F,EUR-ANG.F
EUR-FJD.F,EUR-FJD.F
EGPCAD=X,EGP/CAD
EURGHS=X,EUR/GHS
EURMGA=X,EUR/MGA
EUR-MKD.F,EUR-MKD.F
EURERN=X,EUR/ERN
EUR-CLP.F,EUR-CLP.F
EOSF.F,EOSF.F
EURCVE=X,EUR/CVE
EURSTD=X,EUR/STD
EUR-UGX.F,EUR-UGX.F
EGPPHP=X,EGP/PHP
EUR-AED.F,EUR-AED.F
EUR-THB.F,EUR-THB.F
EGPDKK=X,EGP/DKK
EUR-BSD.F,EUR-BSD.F
EUR-RWF.F,EUR-RWF.F
EUR-MZN.F,EUR-MZN.F
EUR-SEK.F,EUR-SEK.F
EUR-AMD.F,EUR-AMD.F
EURINR=X,EUR/INR
EUR-GHS.F,EUR-GHS.F
EUR-TZS.F,EUR-TZS.F
GDEPM.MDD,GDEPM.MDD
EUR-LTL.F,EUR-LTL.F
EURHUF=X,EUR/HUF
EUR-MDL.F,EUR-MDL.F
EODL.F,EODL.F
EUR-NIO.F,EUR-NIO.F
EUR-MYR.F,EUR-MYR.F
EURCLP=X,EUR/CLP
EGPCNY=X,EGP/CNY
EUR-SRD.F,EUR-SRD.F
EURCLF=X,EUR/CLF
EUR-ALL.F,EUR-ALL.F
EGPIDR=X,EGP/IDR
EODK.F,EODK.F
EURLYD=X,EUR/LYD
EUR-NGN.F,EUR-NGN.F
EURTMT=X,EUR/TMT
EOSK.F,EOSK.F
EURXCD=X,EUR/XCD
EGPCHF=X,EGP/CHF
EGPTWD=X,EGP/TWD
ILSLVL=X,ILS/LVL
FJDCAD=X,FJD/CAD
NOKLVL=X,NOK/LVL
HU53.EX,HU53.EX
881341.HE,881341.HE
FRF=X,USD/FRF
FSH1.EX,FSH1.EX
HU33.EX,HU33.EX
GELLVL=X,GEL/LVL
FJD=X,USD/FJD
FJDUSD=X,FJD/USD
FKP=X,USD/FKP
FJDNZD=X,FJD/NZD
FJDAUD=X,FJD/AUD
FJDJPY=X,FJD/JPY
FJDEUR=X,FJD/EUR
881343.IR,881343.IR
HU13.EX,HU13.EX
XDRLTL=X,XDR/LTL
FJDCHF=X,FJD/CHF
LVLPLN=X,LVL/PLN
LTLCZK=X,LTL/CZK
LTLPLN=X,LTL/PLN
SGDLVL=X,SGD/LVL
FJDHKD=X,FJD/HKD
PLNLVL=X,PLN/LVL
HF53.EX,HF53.EX
FRFCHF=X,FRF/CHF
FKPUSD=X,FKP/USD
HKDLVL=X,HKD/LVL
RUBLVL=X,RUB/LVL
FJDDKK=X,FJD/DKK
HF33.EX,HF33.EX
LTLLVL=X,LTL/LVL
HG13.EX,HG13.EX
FKPCHF=X,FKP/CHF
SEKLVL=X,SEK/LVL
KZTLTL=X,KZT/LTL
LVLCZK=X,LVL/CZK
FJDGBP=X,FJD/GBP
GBPUSD=X,GBP/USD
GBPJPY=X,GBP/JPY
GHSTWD=X,GHS/TWD
GBPZAR=X,GBP/ZAR
GBPNZD=X,GBP/NZD
GBPEUR=X,GBP/EUR
GBPCHF=X,GBP/CHF
GBP=X,USD/GBP
GHSTRY=X,GHS/TRY
GHSSEK=X,GHS/SEK
GHSOMR=X,GHS/OMR
GHSMAD=X,GHS/MAD
GHSCZK=X,GHS/CZK
GHSCOP=X,GHS/COP
GHSCNH=X,GHS/CNH
GHSBWP=X,GHS/BWP
GHSBRL=X,GHS/BRL
GHSBMD=X,Ghana Cedi (b) vs Bermuda Dolla
GBPZWL=X,GBP/ZWL
GBPUAH=X,GBP/UAH
GBPTRY=X,GBP/TRY
GBPTMT=X,GBP/TMT
GBPTHB=X,GBP/THB
GBPSLL=X,GBP/SLL
GBPSGD=X,GBP/SGD
GBPLRD=X,GBP/LRD
GBPKES=X,GBP/KES
GBPILS=X,GBP/ILS
GBPGNF=X,GBP/GNF
GBPFJD=X,GBP/FJD
GBPCAD=X,GBP/CAD
GBPBND=X,GBP/BND
GBPAUD=X,GBP/AUD
GBPANG=X,GBP/ANG
GBPAED=X,GBP/AED
GHSCLF=X,GHS/CLF
GBPJOD=X,GBP/JOD
GHSRON=X,GHS/RON
GELCHF=X,GEL/CHF
GBPGMD=X,GBP/GMD
GHSSBD=X,GHS/SBD
GHSTHB=X,GHS/THB
GHSQAR=X,GHS/QAR
GHSUGX=X,GHS/UGX
GBPBHD=X,GBP/BHD
GHSXDR=X,GHS/XDR
GBPFKP=X,GBP/FKP
GTQCAD=X,GTQ/CAD
GBPBRL=X,GBP/BRL
GBPLVL=X,GBP/LVL
GELUSD=X,GEL/USD
GBPNPR=X,GBP/NPR
GHSPKR=X,GHS/PKR
GBPMYR=X,GBP/MYR
GTQGBP=X,GTQ/GBP
GBPAOA=X,GBP/AOA
GTQUSD=X,GTQ/USD
GHSKYD=X,GHS/KYD
GBPRUB=X,GBP/RUB
GHSAFN=X,Ghana Cedi (b) vs Afghanistan A
GBPLAK=X,GBP/LAK
GBPCVE=X,GBP/CVE
GBPIQD=X,GBP/IQD
GHSINR=X,GHS/INR
GHSMWK=X,GHS/MWK
GBPMOP=X,GBP/MOP
GBPARS=X,GBP/ARS
GBPAZN=X,GBP/AZN
GHS=X,USD/GHS
GBPAWG=X,GBP/AWG
GHSCLP=X,GHS/CLP
GBPMVR=X,GBP/MVR
GHSHUF=X,GHS/HUF
GTQEUR=X,GTQ/EUR
GNF=X,USD/GNF
GBPBDT=X,GBP/BDT
GHSLKR=X,GHS/LKR
GBPBTN=X,GBP/BTN
GBPHUF=X,GBP/HUF
GBPJMD=X,GBP/JMD
GIP=X,USD/GIP
GBPCOP=X,GBP/COP
GBPMKD=X,GBP/MKD
GHSBGN=X,GHS/BGN
GMDCHF=X,GMD/CHF
GHSVND=X,GHS/VND
GHSMUR=X,GHS/MUR
GBPRSD=X,GBP/RSD
GBPGEL=X,GBP/GEL
GHSIDR=X,GHS/IDR
GHSMOP=X,GHS/MOP
GBPMAD=X,GBP/MAD
GBPDOP=X,GBP/DOP
GBPMNT=X,GBP/MNT
GBPHTG=X,GBP/HTG
GBPMXN=X,GBP/MXN
GHSTND=X,GHS/TND
GBPTND=X,GBP/TND
GMDEUR=X,GMD/EUR
GHSDKK=X,GHS/DKK
GBPPLN=X,GBP/PLN
GHSNZD=X,GHS/NZD
GBPPEN=X,GBP/PEN
GHSPEN=X,GHS/PEN
GBPCNH=X,GBP/CNH
GBPCLP=X,GBP/CLP
GHSZAR=X,GHS/ZAR
GHSMYR=X,GHS/MYR
GBPCNY=X,GBP/CNY
GMDGBP=X,GMD/GBP
GBPSHP=X,GBP/SHP
GHSUSD=X,GHS/USD
GBPDJF=X,GBP/DJF
GBPMDL=X,GBP/MDL
GBPTOP=X,GBP/TOP
GBPLYD=X,GBP/LYD
GHSAUD=X,GHS/AUD
GBPMGA=X,GBP/MGA
OCPF.EX,OCPF.EX
GBPBOB=X,GBP/BOB
GBPCUP=X,GBP/CUP
GBPOMR=X,GBP/OMR
GBPIDR=X,GBP/IDR
GBPXPF=X,GBP/XPF
GBPXDR=X,GBP/XDR
GBPCLF=X,GBP/CLF
GBPISK=X,GBP/ISK
GBPUZS=X,GBP/UZS
GBPVND=X,GBP/VND
GBPNIO=X,GBP/NIO
GBPETB=X,GBP/ETB
GBPGHS=X,GBP/GHS
GBPYER=X,GBP/YER
GBPSRD=X,GBP/SRD
GBPBIF=X,GBP/BIF
GBPGBP=X,GBP/GBP
GBPALL=X,GBP/ALL
GBPVEF=X,GBP/VEF
GELEUR=X,GEL/EUR
GBPBYR=X,GBP/BYR
GBPKGS=X,GBP/KGS
GBPDKK=X,GBP/DKK
GBPTZS=X,GBP/TZS
GHSXOF=X,GHS/XOF
GBPHNL=X,GBP/HNL
GHSWST=X,GHS/WST
GHSAED=X,Ghana Cedi (b) vs UAE Dirham Sp
GBPPKR=X,GBP/PKR
GBPCZK=X,GBP/CZK
GIPCHF=X,GIP/CHF
GHSILS=X,GHS/ILS
GEL=X,USD/GEL
GBPITL=X,GBP/ITL
GBPHRK=X,GBP/HRK
GBPNAD=X,GBP/NAD
GBPAMD=X,GBP/AMD
GBPBGN=X,GBP/BGN
GHSKWD=X,GHS/KWD
GHSGBP=X,GHS/GBP
GIPDKK=X,GIP/DKK
GBPXCD=X,GBP/XCD
GBPINR=X,GBP/INR
GBPWST=X,GBP/WST
GBPTWD=X,GBP/TWD
GHSFJD=X,GHS/FJD
GHSTOP=X,GHS/TOP
GTQCHF=X,GTQ/CHF
GBPKPW=X,GBP/KPW
GHSRUB=X,GHS/RUB
GHSBHD=X,GHS/BHD
GBPUYU=X,GBP/UYU
GBPSVC=X,GBP/SVC
GBPPHP=X,GBP/PHP
GBPSYP=X,GBP/SYP
GBPBAM=X,GBP/BAM
GBPZMW=X,GBP/ZMW
GHSRWF=X,GHS/RWF
GHSPHP=X,GHS/PHP
GBPSAR=X,GBP/SAR
GHSZWL=X,GHS/ZWL
GBPSBD=X,GBP/SBD
GBPRON=X,GBP/RON
GBPPAB=X,GBP/PAB
GBPMUR=X,GBP/MUR
GHSNOK=X,GHS/NOK
19754112.SW,19754112.SW
GBPKRW=X,GBP/KRW
19752528.SW,19752528.SW
GBPUGX=X,GBP/UGX
GHSBDT=X,GHS/BDT
GBPAFN=X,GBP/AFN
GHSRSD=X,GHS/RSD
GHSTZS=X,GHS/TZS
GMDDKK=X,GMD/DKK
GBPKYD=X,GBP/KYD
GHSEGP=X,GHS/EGP
GHSNGN=X,GHS/NGN
GBPERN=X,GBP/ERN
GBPSDG=X,GBP/SDG
GBPVUV=X,GBP/VUV
GHSCAD=X,GHS/CAD
GBPSOS=X,GBP/SOS
GHSSAR=X,GHS/SAR
GHSARS=X,GHS/ARS
GTQ=X,USD/GTQ
GBPMWK=X,GBP/MWK
GBPBMD=X,GBP/BMD
GHSANG=X,Ghana Cedi (b) vs Netherlands A
GBPBSD=X,GBP/BSD
GBPRWF=X,GBP/RWF
GHSJOD=X,GHS/JOD
GBPNOK=X,GBP/NOK
GBPLBP=X,GBP/LBP
GBPEGP=X,GBP/EGP
GBPLSL=X,GBP/LSL
19752571.SW,19752571.SW
GELGBP=X,GEL/GBP
GBPSCR=X,GBP/SCR
GMDUSD=X,GMD/USD
GBPLKR=X,GBP/LKR
GBPDZD=X,GBP/DZD
GHSEUR=X,GHS/EUR
GBPPYG=X,GBP/PYG
GBPIRR=X,GBP/IRR
GBPMMK=X,GBP/MMK
GBPGYD=X,GBP/GYD
GBPSZL=X,GBP/SZL
GBPXOF=X,GBP/XOF
GBPBBD=X,GBP/BBD
GHSCNY=X,GHS/CNY
GBPXAF=X,GBP/XAF
GHSNAD=X,GHS/NAD
GHSSGD=X,GHS/SGD
GBPGIP=X,GBP/GIP
GBPQAR=X,GBP/QAR
GHSZMW=X,GHS/ZMW
GBPMZN=X,GBP/MZN
GBPGTQ=X,GBP/GTQ
GHSISK=X,GHS/ISK
GHSKZT=X,GHS/KZT
GBPKZT=X,GBP/KZT
19753383.SW,19753383.SW
GMD=X,USD/GMD
GHSHKD=X,GHS/HKD
HG20.EX,HG20.EX
GBPMRO=X,GBP/MRO
GBPKHR=X,GBP/KHR
GBPTTD=X,GBP/TTD
GBPLTL=X,GBP/LTL
GDO.NX,GDO.NX
GHSMXN=X,GHS/MXN
GBPCDF=X,GBP/CDF
GBPHKD=X,GBP/HKD
GBPCRC=X,GBP/CRC
GHSJPY=X,GHS/JPY
GHSKES=X,GHS/KES
GBPPGK=X,GBP/PGK
GBPSEK=X,GBP/SEK
GHSHRK=X,GHS/HRK
GBPBWP=X,GBP/BWP
GBPBZD=X,GBP/BZD
GBPNGN=X,GBP/NGN
GIPUSD=X,GIP/USD
GBPKMF=X,GBP/KMF
GBPSTD=X,GBP/STD
GBPTJS=X,GBP/TJS
GHSKRW=X,GHS/KRW
GHSPGK=X,GHS/PGK
GYD=X,USD/GYD
GBPKWD=X,GBP/KWD
HKDUSD=X,HKD/USD
HKDCNY=X,HKD/CNY
HUFTRY=X,HUF/TRY
HUFTHB=X,HUF/THB
HUFSEK=X,HUF/SEK
HUFSAR=X,HUF/SAR
HUFHKD=X,HUF/HKD
HRKLTL=X,HRK/LTL
HNLCAD=X,HNL/CAD
HKDTND=X,HKD/TND
HKDPLN=X,HKD/PLN
HKDNGN=X,HKD/NGN
HKDMAD=X,HKD/MAD
HKDDKK=X,HKD/DKK
HKDCHF=X,HKD/CHF
HNL=X,USD/HNL
HKDPHP=X,HKD/PHP
HUFUAH=X,HUF/UAH
HUFPLN=X,HUF/PLN
HUFRUB=X,HUF/RUB
HNLEUR=X,HNL/EUR
HUFTWD=X,HUF/TWD
HRKSGD=X,HRK/SGD
HKDJPY=X,HKD/JPY
HUFEGP=X,HUF/EGP
HUFMYR=X,HUF/MYR
HUFAUD=X,HUF/AUD
HUFLTL=X,HUF/LTL
HRKJPY=X,HRK/JPY
HUFCZK=X,HUF/CZK
HUFTND=X,HUF/TND
HRKAED=X,HRK/AED
HKDBHD=X,HKD/BHD
HRKAUD=X,HRK/AUD
HKDPKR=X,HKD/PKR
HKDSAR=X,HKD/SAR
HKDBOB=X,HKD/BOB
HRKCZK=X,HRK/CZK
HKDIDR=X,HKD/IDR
HRKMKD=X,HRK/MKD
HRKCNY=X,HRK/CNY
HRKINR=X,HRK/INR
HTGGBP=X,HTG/GBP
HKDEUR=X,HKD/EUR
HKDTRY=X,HKD/TRY
HRKGBP=X,HRK/GBP
HUFBAM=X,HUF/BAM
HKD=X,USD/HKD
HUFJPY=X,HUF/JPY
HKDBRL=X,HKD/BRL
HUFNOK=X,HUF/NOK
HKDCNH=X,HKD/CNH
HKDCLP=X,HKD/CLP
HUFCAD=X,HUF/CAD
HUFKES=X,HUF/KES
HRKDKK=X,HRK/DKK
HKDLKR=X,HKD/LKR
HKDMOP=X,HKD/MOP
HKDAUD=X,HKD/AUD
HNLUSD=X,HNL/USD
HRKKWD=X,HRK/KWD
HKDUYU=X,HKD/UYU
HRKHKD=X,HRK/HKD
HRKBRL=X,HRK/BRL
HKDOMR=X,HKD/OMR
HUFMXN=X,HUF/MXN
HKDNZD=X,HKD/NZD
HRKZAR=X,HRK/ZAR
HKDLTL=X,HKD/LTL
HTGUSD=X,HTG/USD
HKDVND=X,HKD/VND
HKDLBP=X,HKD/LBP
HKDTHB=X,HKD/THB
HUFRON=X,HUF/RON
HUFBRL=X,HUF/BRL
HUFIDR=X,HUF/IDR
HNLGBP=X,HNL/GBP
HKDCZK=X,HKD/CZK
HKDEGP=X,HKD/EGP
HKDAED=X,HKD/AED
HKDCOP=X,HKD/COP
HKDMYR=X,HKD/MYR
HRKPLN=X,HRK/PLN
HKDVEF=X,HKD/VEF
HRKNOK=X,HRK/NOK
HRKRSD=X,HRK/RSD
HKDRUB=X,HKD/RUB
HRKNZD=X,HRK/NZD
HRKCHF=X,HRK/CHF
HKDUGX=X,HKD/UGX
HUFMAD=X,HUF/MAD
HTGCHF=X,HTG/CHF
HKDGHS=X,HKD/GHS
HTGEUR=X,HTG/EUR
HKDMUR=X,HKD/MUR
HUFLKR=X,HUF/LKR
HNLCHF=X,HNL/CHF
HUFMUR=X,HUF/MUR
HKDBWP=X,HKD/BWP
HKDKRW=X,HKD/KRW
HTG=X,USD/HTG
HRKSEK=X,HRK/SEK
HUFQAR=X,HUF/QAR
HKDKWD=X,HKD/KWD
HKDBDT=X,HKD/BDT
HUFNZD=X,HUF/NZD
HKDQAR=X,HKD/QAR
HKDPEN=X,HKD/PEN
HKDHUF=X,HKD/HUF
HRKTHB=X,HRK/THB
HUFAED=X,HUF/AED
HUFISK=X,HUF/ISK
HUFINR=X,HUF/INR
HRKCAD=X,HRK/CAD
HUFDKK=X,HUF/DKK
HUFZAR=X,HUF/ZAR
HRKILS=X,HRK/ILS
HKDCAD=X,HKD/CAD
HUFSGD=X,HUF/SGD
HKDTWD=X,HKD/TWD
HUFCNY=X,HUF/CNY
HRKRON=X,HRK/RON
HKDZWL=X,HKD/ZWL
HRKBAM=X,HRK/BAM
HUFRSD=X,HUF/RSD
HKDKES=X,HKD/KES
HRKEUR=X,HRK/EUR
HKDARS=X,HKD/ARS
HKDMXN=X,HKD/MXN
HRKRUB=X,HRK/RUB
HKDSGD=X,HKD/SGD
HUFKRW=X,HUF/KRW
HUFILS=X,HUF/ILS
HU40.EX,HU40.EX
HRKTRY=X,HRK/TRY
HUFPHP=X,HUF/PHP
HRKKRW=X,HRK/KRW
HKDINR=X,HKD/INR
HUF=X,USD/HUF
HKDILS=X,HKD/ILS
HKDJOD=X,HKD/JOD
HKDISK=X,HKD/ISK
HKDBMD=X,HKD/BMD
HRKUSD=X,HRK/USD
HKDZAR=X,HKD/ZAR
HRKUAH=X,HRK/UAH
ISKTRY=X,ISK/TRY
ISKMUR=X,ISK/MUR
ISKINR=X,ISK/INR
ISKGBP=X,ISK/GBP
ISKEGP=X,ISK/EGP
ISKCAD=X,ISK/CAD
INRTND=X,INR/TND
INRSGD=X,INR/SGD
INRMAD=X,INR/MAD
INRCAD=X,INR/CAD
INRBRL=X,INR/BRL
ILSPLN=X,ILS/PLN
ILSPHP=X,ILS/PHP
ILSMUR=X,ILS/MUR
ILSLTL=X,ILS/LTL
ILSHKD=X,ILS/HKD
ILSCNY=X,ILS/CNY
ILSCAD=X,ILS/CAD
IDR=X,USD/IDR
ISKILS=X,ISK/ILS
INRISK=X,INR/ISK
IDRKES=X,IDR/KES
ILSSGD=X,ILS/SGD
ILSCHF=X,ILS/CHF
INRLTL=X,INR/LTL
ILSJOD=X,ILS/JOD
ISKQAR=X,ISK/QAR
INRGHS=X,INR/GHS
INRAUD=X,INR/AUD
ILSRUB=X,ILS/RUB
ILSHUF=X,ILS/HUF
ILSGBP=X,ILS/GBP
ISKCNY=X,ISK/CNY
ISKHUF=X,ISK/HUF
ILSDKK=X,ILS/DKK
INRPLN=X,INR/PLN
ILSTND=X,ILS/TND
INR=X,USD/INR
INRMYR=X,INR/MYR
ILSAED=X,ILS/AED
INRCZK=X,INR/CZK
ILSNOK=X,ILS/NOK
ISKAED=X,ISK/AED
ILSKES=X,ILS/KES
ILSSAR=X,ILS/SAR
IDRGHS=X,IDR/GHS
ILSTRY=X,ILS/TRY
ISKEUR=X,ISK/EUR
IDRRUB=X,IDR/RUB
ISKLTL=X,ISK/LTL
IQD=X,USD/IQD
ISKCHF=X,ISK/CHF
ILSXDR=X,ILS/XDR
IDRINR=X,IDR/INR
INRPHP=X,INR/PHP
ILSZAR=X,ILS/ZAR
ILSSEK=X,ILS/SEK
ISKJPY=X,ISK/JPY
INRSEK=X,INR/SEK
INRIDR=X,INR/IDR
INRQAR=X,INR/QAR
IDRUGX=X,IDR/UGX
IRR=X,USD/IRR
ISKCZK=X,ISK/CZK
ISKKRW=X,ISK/KRW
INROMR=X,INR/OMR
ILSCZK=X,ILS/CZK
ISKXDR=X,ISK/XDR
IDRISK=X,IDR/ISK
INRDKK=X,INR/DKK
ISKRUB=X,ISK/RUB
INRLKR=X,INR/LKR
INRZAR=X,INR/ZAR
INRXDR=X,INR/XDR
INRJOD=X,INR/JOD
ISKTND=X,ISK/TND
ILSOMR=X,ILS/OMR
ILSINR=X,ILS/INR
INRUGX=X,INR/UGX
ISKUSD=X,ISK/USD
ILSTWD=X,ILS/TWD
IDRBWP=X,IDR/BWP
INRGBP=X,INR/GBP
INRJPY=X,INR/JPY
ILSUSD=X,ILS/USD
INRKES=X,INR/KES
INRSAR=X,INR/SAR
INRRUB=X,INR/RUB
INREGP=X,INR/EGP
INRHKD=X,INR/HKD
ILSKRW=X,ILS/KRW
INRBWP=X,INR/BWP
INRCHF=X,INR/CHF
INRCNY=X,INR/CNY
ISKKES=X,ISK/KES
ISKJOD=X,ISK/JOD
ISKPLN=X,ISK/PLN
ISKHKD=X,ISK/HKD
ILSMXN=X,ILS/MXN
ISKDKK=X,ISK/DKK
ILSIDR=X,ILS/IDR
IEP=X,USD/IEP
ISKMAD=X,ISK/MAD
INRUSD=X,INR/USD
ISKIDR=X,ISK/IDR
ISKMXN=X,ISK/MXN
ISKZAR=X,ISK/ZAR
ISKLKR=X,ISK/LKR
IDRHUF=X,IDR/HUF
INRAED=X,INR/AED
ISKNOK=X,ISK/NOK
INRILS=X,INR/ILS
INREUR=X,INR/EUR
IEPUSD=X,IEP/USD
ILSMAD=X,ILS/MAD
ILSTHB=X,ILS/THB
IDRLKR=X,IDR/LKR
ILSJPY=X,ILS/JPY
ILSCLP=X,ILS/CLP
ISKTHB=X,ISK/THB
INRNOK=X,INR/NOK
ISKTWD=X,ISK/TWD
INRTZS=X,INR/TZS
INRMXN=X,INR/MXN
INRMUR=X,INR/MUR
INRLVL=X,INR/LVL
INRHUF=X,INR/HUF
ILSKWD=X,ILS/KWD
ILSISK=X,ILS/ISK
ILSAUD=X,ILS/AUD
IDRKRW=X,IDR/KRW
ISKNZD=X,ISK/NZD
ILS=X,USD/ILS
ILSBRL=X,ILS/BRL
INRTRY=X,INR/TRY
INRBGN=X,INR/BGN
IDRJPY=X,IDR/JPY
ISKSAR=X,ISK/SAR
INRTHB=X,INR/THB
INMUA.PA,LYXOR MUA INAV
ILSEGP=X,ILS/EGP
ISKAUD=X,ISK/AUD
INRKRW=X,INR/KRW
ISKSGD=X,ISK/SGD
INRPKR=X,INR/PKR
INRNZD=X,INR/NZD
ISKPHP=X,ISK/PHP
ISK=X,USD/ISK
ILSQAR=X,ILS/QAR
INRTWD=X,INR/TWD
ILSNZD=X,ILS/NZD
ISKSEK=X,ISK/SEK
IEPCHF=X,IEP/CHF
ILSLKR=X,ILS/LKR
JPYEUR=X,JPY/EUR
JPYUSD=X,JPY/USD
JPYGBP=X,JPY/GBP
JPY=X,USD/JPY
JPYNZD=X,JPY/NZD
JPYIQD=X,JPY/IQD
JPYZWL=X,JPY/ZWL
JPYXAF=X,JPY/XAF
JPYTJS=X,JPY/TJS
JPYSVC=X,JPY/SVC
JPYRON=X,JPY/RON
JPYNAD=X,JPY/NAD
JPYMMK=X,JPY/MMK
JPYLYD=X,JPY/LYD
JPYKGS=X,JPY/KGS
JPYILS=X,JPY/ILS
JPYCRC=X,JPY/CRC
JPYCNY=X,JPY/CNY
JPYAUD=X,JPY/AUD
JPYAFN=X,JPY/AFN
JODTHB=X,JOD/THB
JODSEK=X,JOD/SEK
JODRUB=X,JOD/RUB
JODKRW=X,JOD/KRW
JODILS=X,JOD/ILS
JODDKK=X,JOD/DKK
JPYGMD=X,JPY/GMD
JMDCHF=X,JMD/CHF
JPYRWF=X,JPY/RWF
JPYGHS=X,JPY/GHS
JODCAD=X,JOD/CAD
JODAUD=X,JOD/AUD
JODKWD=X,JOD/KWD
JODLTL=X,JOD/LTL
JPYKZT=X,JPY/KZT
JPYAED=X,JPY/AED
JPYHTG=X,JPY/HTG
JPYKHR=X,JPY/KHR
JPYKMF=X,JPY/KMF
JMDGBP=X,JMD/GBP
JPYBGN=X,JPY/BGN
JPYCVE=X,JPY/CVE
JPYSLL=X,JPY/SLL
JPYSHP=X,JPY/SHP
JODMXN=X,JOD/MXN
JPYKPW=X,JPY/KPW
JPYCAD=X,JPY/CAD
JPYMNT=X,JPY/MNT
JPYCDF=X,JPY/CDF
JPYBYR=X,JPY/BYR
JPYBIF=X,JPY/BIF
JODLKR=X,JOD/LKR
JODTWD=X,JOD/TWD
JPYBTN=X,JPY/BTN
JPYHKD=X,JPY/HKD
JPYTMT=X,JPY/TMT
JMDCAD=X,JMD/CAD
JODAED=X,JOD/AED
JPYGTQ=X,JPY/GTQ
JPYBND=X,JPY/BND
JPYDJF=X,JPY/DJF
JPYMDL=X,JPY/MDL
JPYUAH=X,JPY/UAH
JPYXPF=X,JPY/XPF
JPYSZL=X,JPY/SZL
JPYBZD=X,JPY/BZD
JPYMVR=X,JPY/MVR
JODSAR=X,JOD/SAR
JPYERN=X,JPY/ERN
JPYBOB=X,JPY/BOB
JODPLN=X,JOD/PLN
JPYVUV=X,JPY/VUV
JODCNY=X,JOD/CNY
JPYWST=X,JPY/WST
JPYBDT=X,JPY/BDT
JODNOK=X,JOD/NOK
JPYFJD=X,JPY/FJD
JPYMXN=X,JPY/MXN
JPYMGA=X,JPY/MGA
JPYJMD=X,JPY/JMD
JPYZMW=X,JPY/ZMW
JPYNGN=X,JPY/NGN
JODQAR=X,JOD/QAR
JPYSBD=X,JPY/SBD
JPYLRD=X,JPY/LRD
JPYLBP=X,JPY/LBP
JPYDOP=X,JPY/DOP
JPYIRR=X,JPY/IRR
JPYETB=X,JPY/ETB
JPYCNH=X,JPY/CNH
JPYISK=X,JPY/ISK
JPYTOP=X,JPY/TOP
JPYMUR=X,JPY/MUR
JPYPKR=X,JPY/PKR
JPYITL=X,JPY/ITL
JPYCZK=X,JPY/CZK
JPYCLP=X,JPY/CLP
JODCZK=X,JOD/CZK
JPYPYG=X,JPY/PYG
JPYMOP=X,JPY/MOP
JPYDKK=X,JPY/DKK
JPYLSL=X,JPY/LSL
JPYSRD=X,JPY/SRD
JPYSYP=X,JPY/SYP
JPYKRW=X,JPY/KRW
JPYBMD=X,JPY/BMD
JODPHP=X,JOD/PHP
JPYFKP=X,JPY/FKP
JPYAMD=X,JPY/AMD
JPYMKD=X,JPY/MKD
JPYLAK=X,JPY/LAK
JPYRUB=X,JPY/RUB
JODLVL=X,JOD/LVL
JPYMZN=X,JPY/MZN
JPYTTD=X,JPY/TTD
JMD=X,USD/JMD
JPYAZN=X,JPY/AZN
JPYYER=X,JPY/YER
JMDUSD=X,JMD/USD
JODGBP=X,JOD/GBP
JPYBRL=X,JPY/BRL
JPYGYD=X,JPY/GYD
JPYNOK=X,JPY/NOK
JPYXOF=X,JPY/XOF
JPYTZS=X,JPY/TZS
JPYAOA=X,JPY/AOA
JODEUR=X,JOD/EUR
JPYBBD=X,JPY/BBD
JPYPAB=X,JPY/PAB
JPYMYR=X,JPY/MYR
JPYINR=X,JPY/INR
JODEGP=X,JOD/EGP
JPYTND=X,JPY/TND
JPYLTL=X,JPY/LTL
JODCHF=X,JOD/CHF
JPYGNF=X,JPY/GNF
JPYIDR=X,JPY/IDR
JPYSTD=X,JPY/STD
JODTRY=X,JOD/TRY
JPYBWP=X,JPY/BWP
JPYGIP=X,JPY/GIP
JPYANG=X,JPY/ANG
JPYUZS=X,JPY/UZS
JODKES=X,JOD/KES
JPYEGP=X,JPY/EGP
JPYBSD=X,JPY/BSD
JPYRSD=X,JPY/RSD
JPYXDR=X,JPY/XDR
JODINR=X,JOD/INR
JPYZAR=X,JPY/ZAR
JPYJOD=X,JPY/JOD
JPYAWG=X,JPY/AWG
JPYXCD=X,JPY/XCD
JPYMRO=X,JPY/MRO
JPYMWK=X,JPY/MWK
JPYSEK=X,JPY/SEK
JPYTHB=X,JPY/THB
JODHUF=X,JOD/HUF
JPYQAR=X,JPY/QAR
JPYCHF=X,JPY/CHF
JODIDR=X,JOD/IDR
JMDDKK=X,JMD/DKK
JODZAR=X,JOD/ZAR
JODHKD=X,JOD/HKD
JODJPY=X,JOD/JPY
JODAMD=X,JOD/AMD
JPYPEN=X,JPY/PEN
JPYLVL=X,JPY/LVL
JOD=X,USD/JOD
JODTND=X,JOD/TND
JPYHRK=X,JPY/HRK
JPYNPR=X,JPY/NPR
JPYSCR=X,JPY/SCR
JODMUR=X,JOD/MUR
JPYMAD=X,JPY/MAD
JPYALL=X,JPY/ALL
JODOMR=X,JOD/OMR
JPYKYD=X,JPY/KYD
JPYSDG=X,JPY/SDG
JPYHUF=X,JPY/HUF
JPYPGK=X,JPY/PGK
JPYSAR=X,JPY/SAR
JPYCOP=X,JPY/COP
JODSGD=X,JOD/SGD
JPYARS=X,JPY/ARS
JODMAD=X,JOD/MAD
JPYSGD=X,JPY/SGD
JPYUGX=X,JPY/UGX
JPYSOS=X,JPY/SOS
JMDEUR=X,JMD/EUR
JPYNIO=X,JPY/NIO
JPYHNL=X,JPY/HNL
JODUSD=X,JOD/USD
JPYTWD=X,JPY/TWD
JPYBAM=X,JPY/BAM
JPYVEF=X,JPY/VEF
JPYCUP=X,JPY/CUP
JPYPHP=X,JPY/PHP
JODNZD=X,JOD/NZD
JPYKES=X,JPY/KES
JPYUYU=X,JPY/UYU
JPYPLN=X,JPY/PLN
JPYVND=X,JPY/VND
JPYGEL=X,JPY/GEL
JPYLKR=X,JPY/LKR
JPYDZD=X,JPY/DZD
KZTDKK=X,KZT/DKK
KWDTWD=X,KWD/TWD
KWDSEK=X,KWD/SEK
KWDPLN=X,KWD/PLN
KWDPKR=X,KWD/PKR
KWDCZK=X,KWD/CZK
KRWPHP=X,KRW/PHP
KRWLKR=X,KRW/LKR
KRWJPY=X,KRW/JPY
KRWISK=X,KRW/ISK
KGSCHF=X,KGS/CHF
KESTND=X,KES/TND
KESSAR=X,KES/SAR
KESQAR=X,KES/QAR
KESLVL=X,KES/LVL
KESHKD=X,KES/HKD
KESCZK=X,KES/CZK
KESLKR=X,KES/LKR
KWDLTL=X,KWD/LTL
KGSGBP=X,KGS/GBP
KESJOD=X,KES/JOD
KWDOMR=X,KWD/OMR
KWDPHP=X,KWD/PHP
KRWTWD=X,KRW/TWD
KWDSAR=X,KWD/SAR
KRW=X,USD/KRW
KESZAR=X,KES/ZAR
KESRUB=X,KES/RUB
KWDEGP=X,KWD/EGP
KRWHKD=X,KRW/HKD
KES=X,USD/KES
KGSEUR=X,KGS/EUR
KRWZAR=X,KRW/ZAR
KESIDR=X,KES/IDR
KRWDKK=X,KRW/DKK
KESJPY=X,KES/JPY
KRWUGX=X,KRW/UGX
KRWHUF=X,KRW/HUF
KWDSGD=X,KWD/SGD
KRWINR=X,KRW/INR
KRWEGP=X,KRW/EGP
KESSGD=X,KES/SGD
KWD=X,USD/KWD
KESEUR=X,KES/EUR
KWDJPY=X,KWD/JPY
KWDMUR=X,KWD/MUR
KWDCHF=X,KWD/CHF
KGS=X,USD/KGS
KWDJOD=X,KWD/JOD
KWDTHB=X,KWD/THB
KESEGP=X,KES/EGP
KESGBP=X,KES/GBP
KRWBWP=X,KRW/BWP
KESMXN=X,KES/MXN
KWDNZD=X,KWD/NZD
KMF=X,USD/KMF
KWDISK=X,KWD/ISK
KESNZD=X,KES/NZD
KRWMUR=X,KRW/MUR
KRWMXN=X,KRW/MXN
KYDUSD=X,KYD/USD
KWDNOK=X,KWD/NOK
KESMUR=X,KES/MUR
KWDHKD=X,KWD/HKD
KWDMXN=X,KWD/MXN
KRWMAD=X,KRW/MAD
KRWKES=X,KRW/KES
KESNOK=X,KES/NOK
KWDXDR=X,KWD/XDR
KRWTHB=X,KRW/THB
KWDRUB=X,KWD/RUB
KHR=X,USD/KHR
KWDINR=X,KWD/INR
KWDMAD=X,KWD/MAD
KESTRY=X,KES/TRY
KESAED=X,KES/AED
KWDBHD=X,KWD/BHD
KZT=X,USD/KZT
KWDRSD=X,KWD/RSD
KPW=X,USD/KPW
KESCHF=X,KES/CHF
KWDGBP=X,KWD/GBP
KYDEUR=X,KYD/EUR
KWDZAR=X,KWD/ZAR
KWDUSD=X,KWD/USD
KESMAD=X,KES/MAD
KESTWD=X,KES/TWD
KYDGBP=X,KYD/GBP
KESDKK=X,KES/DKK
KESPHP=X,KES/PHP
KWDILS=X,KWD/ILS
KWDTND=X,KWD/TND
KRWSEK=X,KRW/SEK
KWDDKK=X,KWD/DKK
KESAUD=X,KES/AUD
KWDHUF=X,KWD/HUF
KWDKES=X,KWD/KES
KRWRUB=X,KRW/RUB
KWDAED=X,Kuwaiti Dinar (b) vs UAE Dirham
KWDCNY=X,KWD/CNY
KWDEUR=X,KWD/EUR
KWDIDR=X,KWD/IDR
KESILS=X,KES/ILS
KWDTRY=X,KWD/TRY
KWDCAD=X,KWD/CAD
KESLTL=X,KES/LTL
KRWCZK=X,KRW/CZK
KESUSD=X,KES/USD
KYDCHF=X,KYD/CHF
KGSUSD=X,KGS/USD
KESTHB=X,KES/THB
KWDLVL=X,KWD/LVL
KESSEK=X,KES/SEK
KESPLN=X,KES/PLN
KRWCNY=X,KRW/CNY
KWDAUD=X,KWD/AUD
KESCAD=X,KES/CAD
KRWPKR=X,KRW/PKR
KRWIDR=X,KRW/IDR
KRWNOK=X,KRW/NOK
KRWGHS=X,KRW/GHS
KYD=X,USD/KYD
KRWCRC=X,KRW/CRC
KWDLKR=X,KWD/LKR
KESKRW=X,KES/KRW
KESHUF=X,KES/HUF
KESCNY=X,KES/CNY
KWDQAR=X,KWD/QAR
LVLTHB=X,LVL/THB
LVLSGD=X,LVL/SGD
LVLSAR=X,LVL/SAR
LVLPHP=X,LVL/PHP
LTLTHB=X,LTL/THB
LTLSGD=X,LTL/SGD
LTLRUB=X,LTL/RUB
LTLKRW=X,LTL/KRW
LTLJOD=X,LTL/JOD
LTLAED=X,LTL/AED
LKRUSD=X,LKR/USD
LKRTHB=X,LKR/THB
LKRNOK=X,LKR/NOK
LKRJPY=X,LKR/JPY
LKRHKD=X,LKR/HKD
LKRCNY=X,LKR/CNY
LKRAUD=X,LKR/AUD
LVLAED=X,LVL/AED
LSL=X,USD/LSL
LKRJOD=X,LKR/JOD
LKR=X,USD/LKR
LTLPHP=X,LTL/PHP
LKRHUF=X,LKR/HUF
LVLKRW=X,LVL/KRW
LVLIDR=X,LVL/IDR
LTLLKR=X,LTL/LKR
LVLHUF=X,LVL/HUF
LTLKES=X,LTL/KES
LSLEUR=X,LSL/EUR
LTLGBP=X,LTL/GBP
LVLNOK=X,LVL/NOK
LKRCZK=X,LKR/CZK
LKRXDR=X,LKR/XDR
LTLRSD=X,LTL/RSD
LKRMUR=X,LKR/MUR
LVLDKK=X,LVL/DKK
LVLTRY=X,LVL/TRY
LKRQAR=X,LKR/QAR
LRD=X,USD/LRD
LVLZAR=X,LVL/ZAR
LTLMAD=X,LTL/MAD
LTLSEK=X,LTL/SEK
LVLGBP=X,LVL/GBP
LSLCHF=X,LSL/CHF
LYDMAD=X,LYD/MAD
LVLQAR=X,LVL/QAR
LVLCHF=X,LVL/CHF
LVLCAD=X,LVL/CAD
LVLKES=X,LVL/KES
LTLTRY=X,LTL/TRY
LTLINR=X,LTL/INR
LKRNZD=X,LKR/NZD
LVLEGP=X,LVL/EGP
LVLAUD=X,LVL/AUD
LKRTND=X,LKR/TND
LKRSAR=X,LKR/SAR
LTLISK=X,LTL/ISK
LTLCNY=X,LTL/CNY
LSLGBP=X,LSL/GBP
LTLHKD=X,LTL/HKD
LVLRUB=X,LVL/RUB
LKRZAR=X,LKR/ZAR
LTLRON=X,LTL/RON
LTLQAR=X,LTL/QAR
LVLJPY=X,LVL/JPY
LBP=X,USD/LBP
LKRISK=X,LKR/ISK
LKRTRY=X,LKR/TRY
LTLBRL=X,LTL/BRL
LTLAUD=X,LTL/AUD
LVLILS=X,LVL/ILS
LVLTND=X,LVL/TND
LKRTWD=X,LKR/TWD
LKRPLN=X,LKR/PLN
LKRLTL=X,LKR/LTL
LYDCHF=X,LYD/CHF
LVLMXN=X,LVL/MXN
LKRAED=X,LKR/AED
LKRGBP=X,LKR/GBP
LTLIDR=X,LTL/IDR
LTLTND=X,LTL/TND
LTLEGP=X,LTL/EGP
LYDUSD=X,LYD/USD
LKRMAD=X,LKR/MAD
LYDXDR=X,LYD/XDR
LVLMAD=X,LVL/MAD
LVLNZD=X,LVL/NZD
LTLNOK=X,LTL/NOK
LKRCHF=X,LKR/CHF
LKRRUB=X,LKR/RUB
LVLKWD=X,LVL/KWD
LVLOMR=X,LVL/OMR
LVLEUR=X,LVL/EUR
LVLSEK=X,LVL/SEK
LTLSAR=X,LTL/SAR
LVLHKD=X,LVL/HKD
LKRCAD=X,LKR/CAD
LSLUSD=X,LSL/USD
LTLOMR=X,LTL/OMR
LTLMXN=X,LTL/MXN
LKRKRW=X,LKR/KRW
LTLTWD=X,LTL/TWD
LVLLTL=X,LVL/LTL
LAK=X,USD/LAK
LKRILS=X,LKR/ILS
LTLKWD=X,LTL/KWD
LKRIDR=X,LKR/IDR
LVLJOD=X,LVL/JOD
LVLLKR=X,LVL/LKR
LTL=X,USD/LTL
LTLILS=X,LTL/ILS
LTLHUF=X,LTL/HUF
LKRMXN=X,LKR/MXN
LTLJPY=X,LTL/JPY
LKRINR=X,LKR/INR
LVLISK=X,LVL/ISK
LVLCNY=X,LVL/CNY
LTLCHF=X,LTL/CHF
LTLZAR=X,LTL/ZAR
LKRKES=X,LKR/KES
LKREUR=X,LKR/EUR
LVLUSD=X,LVL/USD
LTLEUR=X,LTL/EUR
LVLMUR=X,LVL/MUR
LKRDKK=X,LKR/DKK
LKRSEK=X,LKR/SEK
LKREGP=X,LKR/EGP
LKRPHP=X,LKR/PHP
LVLINR=X,LVL/INR
LTLUSD=X,LTL/USD
LTLDKK=X,LTL/DKK
LTLMUR=X,LTL/MUR
LTLCAD=X,LTL/CAD
LKRSGD=X,LKR/SGD
LYD=X,USD/LYD
LRDUSD=X,LRD/USD
LTLNZD=X,LTL/NZD
LTLHRK=X,LTL/HRK
LVLTWD=X,LVL/TWD
MYRHKD=X,MYR/HKD
MXNJPY=X,MXN/JPY
MYRXDR=X,MYR/XDR
MYRUSD=X,MYR/USD
MYRTND=X,MYR/TND
MYRPHP=X,MYR/PHP
MYRMAD=X,MYR/MAD
MYRKWD=X,MYR/KWD
MYRAUD=X,MYR/AUD
MYRARS=X,MYR/ARS
MYR=X,USD/MYR
MXNXDR=X,MXN/XDR
MXNUYU=X,MXN/UYU
MXNSAR=X,MXN/SAR
MXNPYG=X,MXN/PYG
MXNPEN=X,MXN/PEN
MXNLTL=X,MXN/LTL
MXNKES=X,MXN/KES
MURMXN=X,MUR/MXN
MURKES=X,MUR/KES
MURILS=X,MUR/ILS
MUREUR=X,MUR/EUR
MOPUSD=X,MOP/USD
MOPJPY=X,MOP/JPY
MADILS=X,MAD/ILS
MADCNY=X,MAD/CNY
MADAED=X,MAD/AED
MADTND=X,MAD/TND
MVRCHF=X,MVR/CHF
MVREUR=X,MVR/EUR
MURLKR=X,MUR/LKR
MXNAED=X,MXN/AED
MURINR=X,MUR/INR
MDLCHF=X,MDL/CHF
MXNUSD=X,MXN/USD
MURHUF=X,MUR/HUF
MXNBRL=X,MXN/BRL
MURSGD=X,MUR/SGD
MXNCHF=X,MXN/CHF
MXNBOB=X,MXN/BOB
MURCZK=X,MUR/CZK
MADZAR=X,MAD/ZAR
MXNHKD=X,MXN/HKD
MYRSGD=X,MYR/SGD
MOPGBP=X,MOP/GBP
MADQAR=X,MAD/QAR
MKDJPY=X,MKD/JPY
MOP=X,USD/MOP
MROMAD=X,MRO/MAD
MRO=X,USD/MRO
MZNJPY=X,MZN/JPY
MYRCOP=X,MYR/COP
MURRUB=X,MUR/RUB
MURCAD=X,MUR/CAD
MADJPY=X,MAD/JPY
MXNCAD=X,MXN/CAD
MYRBRL=X,MYR/BRL
MAD=X,USD/MAD
MADIDR=X,MAD/IDR
MADEGP=X,MAD/EGP
MYRBMD=X,MYR/BMD
MWK=X,USD/MWK
MYRVEF=X,MYR/VEF
MXNQAR=X,MXN/QAR
MURCNY=X,MUR/CNY
MADMXN=X,MAD/MXN
MADPHP=X,MAD/PHP
MXNKWD=X,MXN/KWD
MKD=X,USD/MKD
MURPHP=X,MUR/PHP
MADTWD=X,MAD/TWD
MYRCHF=X,MYR/CHF
MADCAD=X,MAD/CAD
MADLVL=X,MAD/LVL
MURPLN=X,MUR/PLN
MNT=X,USD/MNT
MADLTL=X,MAD/LTL
MOPCAD=X,MOP/CAD
MADRUB=X,MAD/RUB
MXNTND=X,MXN/TND
MYRCAD=X,MYR/CAD
MADGBP=X,MAD/GBP
MURISK=X,MUR/ISK
MXNTWD=X,MXN/TWD
MXNEUR=X,MXN/EUR
MVRGBP=X,MVR/GBP
MXNLVL=X,MXN/LVL
MOPCHF=X,MOP/CHF
MURSAR=X,MUR/SAR
MDLUSD=X,MDL/USD
MADHUF=X,MAD/HUF
MYREUR=X,MYR/EUR
MYRLBP=X,MYR/LBP
MURIDR=X,MUR/IDR
MURDKK=X,MUR/DKK
MYRIDR=X,MYR/IDR
MURHKD=X,MUR/HKD
MYRILS=X,MYR/ILS
MOPEUR=X,MOP/EUR
MYRAED=X,MYR/AED
MADUSD=X,MAD/USD
MADJOD=X,MAD/JOD
MURTWD=X,MUR/TWD
MYRZAR=X,MYR/ZAR
MURTND=X,MUR/TND
MXNOMR=X,MXN/OMR
MOPAUD=X,MOP/AUD
MXNINR=X,MXN/INR
MADKWD=X,MAD/KWD
MURKWD=X,MUR/KWD
MZNEUR=X,MZN/EUR
MURAED=X,MUR/AED
MXNGBP=X,MXN/GBP
MXNJOD=X,MXN/JOD
MXNDKK=X,MXN/DKK
MYRCLP=X,MYR/CLP
MADEUR=X,MAD/EUR
MDLGBP=X,MDL/GBP
MURUSD=X,MUR/USD
MURMAD=X,MUR/MAD
MYRINR=X,MYR/INR
MVR=X,USD/MVR
MURNZD=X,MUR/NZD
MXNAUD=X,MXN/AUD
MXNCLP=X,MXN/CLP
MYRJPY=X,MYR/JPY
MURZAR=X,MUR/ZAR
MADNZD=X,MAD/NZD
MVRUSD=X,MVR/USD
MXNPHP=X,MXN/PHP
MZNCHF=X,MZN/CHF
MURSEK=X,MUR/SEK
MURJPY=X,MUR/JPY
MXNSGD=X,MXN/SGD
MXNZAR=X,MXN/ZAR
MXNIDR=X,MXN/IDR
MYRMXN=X,MYR/MXN
MXNMUR=X,MXN/MUR
MYRCNH=X,MYR/CNH
MURLVL=X,MUR/LVL
MURLTL=X,MUR/LTL
MOPSGD=X,MOP/SGD
MYRRUB=X,MYR/RUB
MURTRY=X,MUR/TRY
MUR=X,USD/MUR
MURJOD=X,MUR/JOD
MYRNZD=X,MYR/NZD
MXNHUF=X,MXN/HUF
MUREGP=X,MUR/EGP
MOPHKD=X,MOP/HKD
MURCHF=X,MUR/CHF
MXNMYR=X,MXN/MYR
MADSEK=X,MAD/SEK
OMA.PA,OMA.PA
MZN=X,USD/MZN
MYRKRW=X,MYR/KRW
MMK=X,USD/MMK
MADCHF=X,MAD/CHF
MYRNGN=X,MYR/NGN
MXNEGP=X,MXN/EGP
MADDKK=X,MAD/DKK
MXNNZD=X,MXN/NZD
MADHKD=X,MAD/HKD
MDL=X,USD/MDL
MXNVEF=X,MXN/VEF
MXNSEK=X,MXN/SEK
MADINR=X,MAD/INR
MXNTHB=X,MXN/THB
MURQAR=X,MUR/QAR
MADKES=X,MAD/KES
MURNOK=X,MUR/NOK
MADKRW=X,MAD/KRW
MURAUD=X,MUR/AUD
MXV=X,USD/MXV
MADPLN=X,MAD/PLN
MADMUR=X,MAD/MUR
MUROMR=X,MUR/OMR
MYROMR=X,MYR/OMR
MADSAR=X,MAD/SAR
MXNLKR=X,MXN/LKR
MKDEUR=X,MKD/EUR
MADOMR=X,MAD/OMR
MXNCZK=X,MXN/CZK
MXNILS=X,MXN/ILS
MYRBHD=X,MYR/BHD
MYRBOB=X,MYR/BOB
MGA=X,USD/MGA
MURGBP=X,MUR/GBP
MYRUYU=X,MYR/UYU
MYRZWL=X,MYR/ZWL
MYRTHB=X,MYR/THB
MURXDR=X,MUR/XDR
MKDGBP=X,MKD/GBP
MYRPKR=X,MYR/PKR
MXNTRY=X,MXN/TRY
MXNKRW=X,MXN/KRW
MXNPLN=X,MXN/PLN
MURKRW=X,MUR/KRW
MZNCAD=X,MZN/CAD
MYRPEN=X,MYR/PEN
MXNRUB=X,MXN/RUB
MADAUD=X,MAD/AUD
MYRDKK=X,MYR/DKK
MYREGP=X,MYR/EGP
MADTRY=X,MAD/TRY
MXNARS=X,MXN/ARS
MXNNOK=X,MXN/NOK
MYRTRY=X,MYR/TRY
MXNCOP=X,MXN/COP
MADNOK=X,MAD/NOK
MADCZK=X,MAD/CZK
MZNUSD=X,MZN/USD
MXNMAD=X,MXN/MAD
MADLKR=X,MAD/LKR
MXN=X,USD/MXN
MYRJOD=X,MYR/JOD
MADSGD=X,MAD/SGD
MXNISK=X,MXN/ISK
MADTHB=X,MAD/THB
MYRSAR=X,MYR/SAR
MKDUSD=X,MKD/USD
MYRTWD=X,MYR/TWD
MXVUSD=X,MXV/USD
MYRMUR=X,MYR/MUR
MADISK=X,MAD/ISK
MXNCNY=X,MXN/CNY
MYRCNY=X,MYR/CNY
MZNGBP=X,MZN/GBP
MXVMXN=X,MXV/MXN
MDLEUR=X,MDL/EUR
MURTHB=X,MUR/THB
NZDUSD=X,NZD/USD
NZDKRW=X,NZD/KRW
NZDKES=X,NZD/KES
NZDEGP=X,NZD/EGP
NZDCZK=X,NZD/CZK
NZDCHF=X,NZD/CHF
NPRUSD=X,NPR/USD
NPRGBP=X,NPR/GBP
NOKTND=X,NOK/TND
NOKMAD=X,NOK/MAD
NOKLTL=X,NOK/LTL
NOKIDR=X,NOK/IDR
NOKEUR=X,NOK/EUR
NOKEGP=X,NOK/EGP
NOKCNH=X,NOK/CNH
NOKCHF=X,NOK/CHF
NOKBAM=X,NOK/BAM
NOKAED=X,NOK/AED
NOK=X,USD/NOK
NIOUSD=X,NIO/USD
NADDKK=X,NAD/DKK
NZDMXN=X,NZD/MXN
NOKCLP=X,NOK/CLP
NZDHKD=X,NZD/HKD
NPRCHF=X,NPR/CHF
NIOGBP=X,NIO/GBP
NZDTWD=X,NZD/TWD
NGN=X,USD/NGN
NOKRSD=X,NOK/RSD
NIOCHF=X,NIO/CHF
NPRXDR=X,NPR/XDR
NOKSAR=X,NOK/SAR
NOKXDR=X,NOK/XDR
NADGBP=X,NAD/GBP
NOKISK=X,NOK/ISK
NZDCNY=X,NZD/CNY
NOKDKK=X,NOK/DKK
NZDEUR=X,NZD/EUR
NZDSGD=X,NZD/SGD
NOKPKR=X,NOK/PKR
NZDMYR=X,NZD/MYR
NIO=X,USD/NIO
NZDINR=X,NZD/INR
NOKJOD=X,NOK/JOD
NOKCNY=X,NOK/CNY
NOKOMR=X,NOK/OMR
NOKBRL=X,NOK/BRL
NZDHRK=X,NZD/HRK
NZDOMR=X,NZD/OMR
NADUSD=X,NAD/USD
NADZAR=X,NAD/ZAR
NZDLKR=X,NZD/LKR
NZDXDR=X,NZD/XDR
NZDMUR=X,NZD/MUR
NOKKWD=X,NOK/KWD
NPR=X,USD/NPR
NADCHF=X,NAD/CHF
NZDAUD=X,NZD/AUD
NADEUR=X,NAD/EUR
NOKKRW=X,NOK/KRW
NZDFJD=X,NZD/FJD
NOKPLN=X,NOK/PLN
NZDBRL=X,NZD/BRL
NOKRON=X,NOK/RON
NGNDKK=X,NGN/DKK
NZDPKR=X,NZD/PKR
NZDILS=X,NZD/ILS
NOKTHB=X,NOK/THB
NZDJOD=X,NZD/JOD
NOKCZK=X,NOK/CZK
NZDCNH=X,NZD/CNH
NOKINR=X,NOK/INR
NOKHKD=X,NOK/HKD
NIOEUR=X,NIO/EUR
NZDLTL=X,NZD/LTL
NZDPGK=X,NZD/PGK
NZDQAR=X,NZD/QAR
NOKUSD=X,NOK/USD
NZDISK=X,NZD/ISK
NZDDKK=X,NZD/DKK
NOKRUB=X,NOK/RUB
NOKKES=X,NOK/KES
NZDIDR=X,NZD/IDR
NZDHUF=X,NZD/HUF
NAD=X,USD/NAD
NOKTWD=X,NOK/TWD
NOKMYR=X,NOK/MYR
NZDKWD=X,NZD/KWD
NPREUR=X,NPR/EUR
NOKLKR=X,NOK/LKR
NZDPLN=X,NZD/PLN
NZD=X,USD/NZD
NZDMAD=X,NZD/MAD
NGNCHF=X,NGN/CHF
NZDAED=X,NZD/AED
NGNTHB=X,NGN/THB
NZDCLP=X,NZD/CLP
XAG=X,SILVER 1 OZ 999 NY
NOKHUF=X,NOK/HUF
NZDRUB=X,NZD/RUB
NGNZAR=X,NGN/ZAR
NGNUSD=X,NGN/USD
NZDRSD=X,NZD/RSD
NOKILS=X,NOK/ILS
NZDTHB=X,NZD/THB
NOKQAR=X,NOK/QAR
NZDPHP=X,NZD/PHP
NZDSAR=X,NZD/SAR
NZDTRY=X,NZD/TRY
NOKPHP=X,NOK/PHP
NOKSEK=X,NOK/SEK
NZDTND=X,NZD/TND
NOKMXN=X,NOK/MXN
NOKSGD=X,NOK/SGD
NOKMUR=X,NOK/MUR
NZDLVL=X,NZD/LVL
NOKTRY=X,NOK/TRY
NZDUAH=X,NZD/UAH
OMRSEK=X,OMR/SEK
OMRPLN=X,OMR/PLN
OMRKES=X,OMR/KES
OMRISK=X,OMR/ISK
OMRILS=X,OMR/ILS
OMRHUF=X,OMR/HUF
OMRDKK=X,OMR/DKK
OMRCAD=X,OMR/CAD
OMRPHP=X,OMR/PHP
OMRTRY=X,OMR/TRY
OMRAUD=X,OMR/AUD
OMRKWD=X,OMR/KWD
OMREUR=X,OMR/EUR
OMREGP=X,OMR/EGP
OMRHKD=X,OMR/HKD
OMRJOD=X,OMR/JOD
OMRINR=X,OMR/INR
OMRSGD=X,OMR/SGD
OMRCZK=X,OMR/CZK
OMRXDR=X,OMR/XDR
OMRTHB=X,OMR/THB
OMRSAR=X,OMR/SAR
OMRNOK=X,OMR/NOK
OMRIDR=X,OMR/IDR
OMRTND=X,OMR/TND
OMRMUR=X,OMR/MUR
OMRLTL=X,OMR/LTL
OMRPKR=X,OMR/PKR
OMRBHD=X,OMR/BHD
OMRAED=X,OMR/AED
OMRZAR=X,OMR/ZAR
OMRKRW=X,OMR/KRW
OMRNZD=X,OMR/NZD
OMRJPY=X,OMR/JPY
OMRCNY=X,OMR/CNY
OMRRUB=X,OMR/RUB
OMRMXN=X,OMR/MXN
OMRUSD=X,OMR/USD
OMR=X,USD/OMR
OMRLVL=X,OMR/LVL
OMRTWD=X,OMR/TWD
OMRLKR=X,OMR/LKR
OMRGBP=X,OMR/GBP
OMRCHF=X,OMR/CHF
OMRMAD=X,OMR/MAD
OMRQAR=X,OMR/QAR
PLNTRY=X,PLN/TRY
PLNSAR=X,PLN/SAR
PLNHUF=X,PLN/HUF
PKRZAR=X,PKR/ZAR
PKRNOK=X,PKR/NOK
PKRCAD=X,PKR/CAD
PHPISK=X,PHP/ISK
PHPILS=X,PHP/ILS
PHP=X,USD/PHP
PLNLBP=X,PLN/LBP
PENBOB=X,PEN/BOB
PLNUYU=X,PLN/UYU
PGKUSD=X,PGK/USD
PENBRL=X,PEN/BRL
PLNVEF=X,PLN/VEF
PENUYU=X,PEN/UYU
PLNXDR=X,PLN/XDR
PENDKK=X,PEN/DKK
PENTHB=X,PEN/THB
PENCLP=X,PEN/CLP
PLNCOP=X,PLN/COP
PLNCZK=X,PLN/CZK
PHPTND=X,PHP/TND
PHPUSD=X,PHP/USD
PLNCHF=X,PLN/CHF
PKREUR=X,PKR/EUR
PGKHKD=X,PGK/HKD
PHPHUF=X,PHP/HUF
PHPKRW=X,PHP/KRW
PLNEGP=X,PLN/EGP
PKRTHB=X,PKR/THB
PHPMYR=X,PHP/MYR
PHPTRY=X,PHP/TRY
PLNZAR=X,PLN/ZAR
PLNMYR=X,PLN/MYR
PGK=X,USD/PGK
PLNINR=X,PLN/INR
PHPPKR=X,PHP/PKR
PABCAD=X,PAB/CAD
PHPTWD=X,PHP/TWD
PLNVUV=X,PLN/VUV
PLNHKD=X,PLN/HKD
PHPLVL=X,PHP/LVL
PHPEUR=X,PHP/EUR
PHPCNY=X,PHP/CNY
PLNUSD=X,PLN/USD
PLNBMD=X,PLN/BMD
PGKDKK=X,PGK/DKK
PENGBP=X,PEN/GBP
PLNCNY=X,PLN/CNY
PABUSD=X,PAB/USD
PLNRON=X,PLN/RON
PENCHF=X,PEN/CHF
PENVEF=X,PEN/VEF
PLNKRW=X,PLN/KRW
PLNPHP=X,PLN/PHP
PKRHKD=X,PKR/HKD
PHPDKK=X,PHP/DKK
PKRQAR=X,PKR/QAR
PGKEUR=X,PGK/EUR
PEN=X,USD/PEN
PENCOP=X,PEN/COP
PKRSGD=X,PKR/SGD
PKRXDR=X,PKR/XDR
PHPLTL=X,PHP/LTL
PLNQAR=X,PLN/QAR
PABEUR=X,PAB/EUR
PHPMUR=X,PHP/MUR
PLNMUR=X,PLN/MUR
PYGCOP=X,PYG/COP
PLNKWD=X,PLN/KWD
PHPJPY=X,PHP/JPY
PLN=X,USD/PLN
PLNTHB=X,PLN/THB
PHPMAD=X,PHP/MAD
PHPVND=X,PHP/VND
PLNPKR=X,PLN/PKR
PLNEUR=X,PLN/EUR
PLNRUB=X,PLN/RUB
PLNBDT=X,PLN/BDT
PENEUR=X,PEN/EUR
PLNAED=X,PLN/AED
PHPSAR=X,PHP/SAR
PHPRUB=X,PHP/RUB
19753805.SW,19753805.SW
PLNOMR=X,PLN/OMR
PHPMXN=X,PHP/MXN
PLNJOD=X,PLN/JOD
PKRVND=X,PKR/VND
PHPNOK=X,PHP/NOK
PABCHF=X,PAB/CHF
PLNZWL=X,PLN/ZWL
PLNNZD=X,PLN/NZD
PKRAUD=X,PKR/AUD
PHPCAD=X,PHP/CAD
PLNILS=X,PLN/ILS
PHPNZD=X,PHP/NZD
PENMXN=X,PEN/MXN
PHPEGP=X,PHP/EGP
PHPJOD=X,PHP/JOD
PLNNGN=X,PLN/NGN
PKRUSD=X,PKR/USD
PLNTND=X,PLN/TND
PHPQAR=X,PHP/QAR
PYG=X,USD/PYG
PLNCAD=X,PLN/CAD
PGKGBP=X,PGK/GBP
PLNISK=X,PLN/ISK
PHPTHB=X,PHP/THB
PENARS=X,PEN/ARS
PLNSGD=X,PLN/SGD
PKRGBP=X,PKR/GBP
PENUSD=X,PEN/USD
PHPCZK=X,PHP/CZK
19753825.SW,19753825.SW
PLNBOB=X,PLN/BOB
PLNCLP=X,PLN/CLP
PLNDKK=X,PLN/DKK
PHPIDR=X,PHP/IDR
PKRPHP=X,PKR/PHP
PABGBP=X,PAB/GBP
PKRKRW=X,PKR/KRW
PABDKK=X,PAB/DKK
PYGCLP=X,PYG/CLP
PHPPLN=X,PHP/PLN
PLNIDR=X,PLN/IDR
PLNLTL=X,PLN/LTL
PENCAD=X,PEN/CAD
PLNPGK=X,PLN/PGK
PHPHKD=X,PHP/HKD
PGKCHF=X,PGK/CHF
PHPSEK=X,PHP/SEK
PLNNOK=X,PLN/NOK
PHPZAR=X,PHP/ZAR
PKRAED=X,PKR/AED
PKRINR=X,PKR/INR
PLNRSD=X,PLN/RSD
PLNTWD=X,PLN/TWD
PKRJPY=X,PKR/JPY
PKRDKK=X,PKR/DKK
PKREGP=X,PKR/EGP
PHPOMR=X,PHP/OMR
PENPYG=X,PEN/PYG
PLNMAD=X,PLN/MAD
PLNBHD=X,PLN/BHD
PLNMXN=X,PLN/MXN
PLNLKR=X,PLN/LKR
PYGUYU=X,PYG/UYU
PLNGBP=X,PLN/GBP
PLNPEN=X,PLN/PEN
PHPLKR=X,PHP/LKR
PLNKES=X,PLN/KES
PLNAUD=X,PLN/AUD
PKR=X,USD/PKR
PLNBND=X,PLN/BND
PHPSGD=X,PHP/SGD
PLNJPY=X,PLN/JPY
PLNBRL=X,PLN/BRL
PHPCHF=X,PHP/CHF
PHPINR=X,PHP/INR
PAB=X,USD/PAB
PHPKES=X,PHP/KES
PHPGBP=X,PHP/GBP
PKRCHF=X,PKR/CHF
PLNARS=X,PLN/ARS
PHPKWD=X,PHP/KWD
PHPAUD=X,PHP/AUD
PHPAED=X,PHP/AED
SEKEUR=X,SEK/EUR
QARZAR=X,QAR/ZAR
QARTND=X,QAR/TND
QARPLN=X,QAR/PLN
QARKES=X,QAR/KES
QARINR=X,QAR/INR
QARIDR=X,QAR/IDR
QAR=X,USD/QAR
QARNOK=X,QAR/NOK
QARSGD=X,QAR/SGD
QARAED=X,QAR/AED
QARDKK=X,QAR/DKK
QARHKD=X,QAR/HKD
QARLKR=X,QAR/LKR
QARKWD=X,QAR/KWD
QAROMR=X,QAR/OMR
QARISK=X,QAR/ISK
QARTHB=X,QAR/THB
QARNZD=X,QAR/NZD
QARTWD=X,QAR/TWD
QARRUB=X,QAR/RUB
QARTRY=X,QAR/TRY
QARKRW=X,QAR/KRW
QARILS=X,QAR/ILS
QARPKR=X,QAR/PKR
QARSAR=X,QAR/SAR
QARCAD=X,QAR/CAD
QARMXN=X,QAR/MXN
QARCNY=X,QAR/CNY
QARPHP=X,QAR/PHP
QARXDR=X,QAR/XDR
QARAUD=X,QAR/AUD
QARCHF=X,QAR/CHF
QARLTL=X,QAR/LTL
QARUSD=X,QAR/USD
QARSEK=X,QAR/SEK
QARCZK=X,QAR/CZK
QARMAD=X,QAR/MAD
QAREUR=X,QAR/EUR
QARJOD=X,QAR/JOD
QARMUR=X,QAR/MUR
QARGBP=X,QAR/GBP
QARBHD=X,QAR/BHD
QARJPY=X,QAR/JPY
QARLVL=X,QAR/LVL
QAREGP=X,QAR/EGP
QARHUF=X,QAR/HUF
RUBUSD=X,RUB/USD
RUBNOK=X,RUB/NOK
RUBMXN=X,RUB/MXN
RUBILS=X,RUB/ILS
RUBGBP=X,RUB/GBP
RUB=X,USD/RUB
RONEUR=X,RON/EUR
RONDKK=X,RON/DKK
RON=X,USD/RON
RUBKES=X,RUB/KES
RONCZK=X,RON/CZK
RSDCHF=X,RSD/CHF
RONRSD=X,RON/RSD
RONSGD=X,RON/SGD
RUBCZK=X,RUB/CZK
RONPLN=X,RON/PLN
RUBAZN=X,RUB/AZN
RONNZD=X,RON/NZD
RUBTJS=X,RUB/TJS
RUBEUR=X,RUB/EUR
RUBSGD=X,RUB/SGD
RUBDKK=X,RUB/DKK
RONCNY=X,RON/CNY
RSDGBP=X,RSD/GBP
RUBKZT=X,RUB/KZT
RSDCAD=X,RSD/CAD
RUBQAR=X,RUB/QAR
RUBMAD=X,RUB/MAD
RUBTWD=X,RUB/TWD
RUBISK=X,RUB/ISK
RONAED=X,RON/AED
RONHRK=X,RON/HRK
RONILS=X,RON/ILS
RONLTL=X,RON/LTL
RONTRY=X,RON/TRY
RONCAD=X,RON/CAD
RUBEGP=X,RUB/EGP
RUBCHF=X,RUB/CHF
RUBTND=X,RUB/TND
RONINR=X,RON/INR
RUBJPY=X,RUB/JPY
RONKRW=X,RON/KRW
RUBMDL=X,RUB/MDL
RUBAED=X,RUB/AED
RONCHF=X,RON/CHF
RUBPLN=X,RUB/PLN
RONUSD=X,RON/USD
RUBNZD=X,RUB/NZD
RONRUB=X,RON/RUB
RONUAH=X,RON/UAH
RUBINR=X,RUB/INR
RSDUSD=X,RSD/USD
RUBKGS=X,RUB/KGS
RSDDKK=X,RSD/DKK
RONTHB=X,RON/THB
RUBUZS=X,RUB/UZS
RUBTHB=X,RUB/THB
RSD=X,USD/RSD
RUBTMT=X,RUB/TMT
RUBLTL=X,RUB/LTL
RUBAMD=X,RUB/AMD
RUBPHP=X,RUB/PHP
RSDEUR=X,RSD/EUR
RONAUD=X,RON/AUD
RUBMYR=X,RUB/MYR
RUBHKD=X,RUB/HKD
RUBHUF=X,RUB/HUF
RONNOK=X,RON/NOK
RUBBYR=X,RUB/BYR
RONSEK=X,RON/SEK
RUBKRW=X,RUB/KRW
RONHKD=X,RON/HKD
RUBSEK=X,RUB/SEK
RONZAR=X,RON/ZAR
RONKWD=X,RON/KWD
RONJPY=X,RON/JPY
RONBRL=X,RON/BRL
RUBMUR=X,RUB/MUR
RUBIDR=X,RUB/IDR
RUBCAD=X,RUB/CAD
RUBZAR=X,RUB/ZAR
RUBJOD=X,RUB/JOD
RUBTRY=X,RUB/TRY
RUBSAR=X,RUB/SAR
RWF=X,USD/RWF
RUBAUD=X,RUB/AUD
RUBBRL=X,RUB/BRL
RONGBP=X,RON/GBP
RUBLKR=X,RUB/LKR
RUBOMR=X,RUB/OMR
RUBCNY=X,RUB/CNY
SZLGBP=X,SZL/GBP
SZLCHF=X,SZL/CHF
SYP=X,USD/SYP
SLL=X,USD/SLL
SGDMYR=X,SGD/MYR
SGDMAD=X,SGD/MAD
SGDINR=X,SGD/INR
SGDHKD=X,SGD/HKD
SGDGHS=X,SGD/GHS
SGDCZK=X,SGD/CZK
SGDCLP=X,SGD/CLP
SEKUSD=X,SEK/USD
SEKMAD=X,SEK/MAD
SEKLTL=X,SEK/LTL
SEKHUF=X,SEK/HUF
SEKGBP=X,SEK/GBP
SEKDKK=X,SEK/DKK
SEKBGN=X,SEK/BGN
SARZAR=X,SAR/ZAR
SARCZK=X,SAR/CZK
SGDOMR=X,SGD/OMR
SARPLN=X,SAR/PLN
SGDBHD=X,SGD/BHD
SGDCNY=X,SGD/CNY
19754120.SW,19754120.SW
SARMUR=X,SAR/MUR
SARPHP=X,SAR/PHP
SEKKWD=X,SEK/KWD
SYPHKD=X,SYP/HKD
SARNZD=X,SAR/NZD
19754264.SW,19754264.SW
SARPKR=X,SAR/PKR
SGDMXN=X,SGD/MXN
SGDKRW=X,SGD/KRW
SARCHF=X,SAR/CHF
SCRDKK=X,SCR/DKK
SARCAD=X,SAR/CAD
SCRGBP=X,SCR/GBP
SARNOK=X,SAR/NOK
SGDZAR=X,SGD/ZAR
SBDEUR=X,SBD/EUR
SGDBMD=X,SGD/BMD
SGDRUB=X,SGD/RUB
SGDBDT=X,SGD/BDT
SGDVND=X,SGD/VND
SARTHB=X,SAR/THB
SGDPLN=X,SGD/PLN
SDGEUR=X,SDG/EUR
SARAED=X,SAR/AED
SEKXDR=X,SEK/XDR
19753442.SW,19753442.SW
SARIDR=X,SAR/IDR
SEKSAR=X,SEK/SAR
SVCGBP=X,SVC/GBP
SEKTHB=X,SEK/THB
SARLVL=X,SAR/LVL
SEKKPW=X,SEK/KPW
SARINR=X,SAR/INR
SGDAED=X,SGD/AED
SGDBRL=X,SGD/BRL
SEKBWP=X,SEK/BWP
SGDXDR=X,SGD/XDR
SEKRON=X,SEK/RON
SEKTRY=X,SEK/TRY
SRDCHF=X,SRD/CHF
SAR=X,USD/SAR
SGDJOD=X,SGD/JOD
SCRUSD=X,SCR/USD
SGDISK=X,SGD/ISK
SEKKES=X,SEK/KES
SAREGP=X,SAR/EGP
SZLUSD=X,SZL/USD
SGDAUD=X,SGD/AUD
SGDNGN=X,SGD/NGN
SBDGBP=X,SBD/GBP
SHP=X,USD/SHP
SEK=X,USD/SEK
SEKCAD=X,SEK/CAD
19838326.SW,19838326.SW
SBDCHF=X,SBD/CHF
SZLEUR=X,SZL/EUR
SARQAR=X,SAR/QAR
SYPCHF=X,SYP/CHF
SEKMUR=X,SEK/MUR
STD=X,USD/STD
SARMAD=X,SAR/MAD
SEKRUB=X,SEK/RUB
SGDMOP=X,SGD/MOP
SGDUGX=X,SGD/UGX
SGDPEN=X,SGD/PEN
SARUSD=X,SAR/USD
SGDHUF=X,SGD/HUF
SGDCHF=X,SGD/CHF
SEKTWD=X,SEK/TWD
SARTWD=X,SAR/TWD
SEKCHF=X,SEK/CHF
SEKCNY=X,SEK/CNY
SCR=X,USD/SCR
SGDZWL=X,SGD/ZWL
SARILS=X,SAR/ILS
SEKCNH=X,SEK/CNH
10366999.EX,10366999.EX
SGDCAD=X,SGD/CAD
SARKRW=X,SAR/KRW
SEKJPY=X,SEK/JPY
SGDPHP=X,SGD/PHP
SEKTND=X,SEK/TND
19753566.SW,19753566.SW
SGDQAR=X,SGD/QAR
SEKRSD=X,SEK/RSD
SEKCLP=X,SEK/CLP
SEKSGD=X,SEK/SGD
SGDBGN=X,SGD/BGN
SEKKRW=X,SEK/KRW
SARGBP=X,SAR/GBP
SGDBWP=X,SGD/BWP
SVCUSD=X,SVC/USD
SGDLBP=X,SGD/LBP
SEKISK=X,SEK/ISK
SEKJMD=X,SEK/JMD
SARISK=X,SAR/ISK
SGDEGP=X,SGD/EGP
SIT=X,USD/SIT
SDGGBP=X,SDG/GBP
SOS=X,USD/SOS
SGDMUR=X,SGD/MUR
19753568.SW,19753568.SW
SARLKR=X,SAR/LKR
SGDPKR=X,SGD/PKR
SARHUF=X,SAR/HUF
SARBHD=X,SAR/BHD
SEKQAR=X,SEK/QAR
SARJPY=X,SAR/JPY
SARCNY=X,SAR/CNY
SEKILS=X,SEK/ILS
SARXDR=X,SAR/XDR
SARKWD=X,SAR/KWD
SARDKK=X,SAR/DKK
SRDUSD=X,SRD/USD
SRDEUR=X,SRD/EUR
SARSEK=X,SAR/SEK
SBDUSD=X,SBD/USD
SGDKWD=X,SGD/KWD
SEKAED=X,SEK/AED
SEKINR=X,SEK/INR
SGDTWD=X,SGD/TWD
SARSGD=X,SAR/SGD
SGDARS=X,SGD/ARS
SHPCHF=X,SHP/CHF
SEKGIP=X,SEK/GIP
SARTRY=X,SAR/TRY
SYPSGD=X,SYP/SGD
SEKANG=X,SEK/ANG
SARLTL=X,SAR/LTL
SEKBAM=X,SEK/BAM
SYPQAR=X,SYP/QAR
SYPDKK=X,SYP/DKK
SGDCNH=X,SGD/CNH
SEKMYR=X,SEK/MYR
SGD=X,USD/SGD
SEKMXN=X,SEK/MXN
SGDUYU=X,SGD/UYU
SARHKD=X,SAR/HKD
SARAUD=X,SAR/AUD
SGDILS=X,SGD/ILS
SEKEGP=X,SEK/EGP
SZL=X,USD/SZL
SEKPKR=X,SEK/PKR
SGDLTL=X,SGD/LTL
SHPUSD=X,SHP/USD
19754261.SW,19754261.SW
SCRCHF=X,SCR/CHF
SARTND=X,SAR/TND
SEKAMD=X,SEK/AMD
SEKPLN=X,SEK/PLN
SGDBOB=X,SGD/BOB
SDGUSD=X,SDG/USD
SRDGBP=X,SRD/GBP
SEKLKR=X,SEK/LKR
SGDTHB=X,SGD/THB
SAROMR=X,SAR/OMR
SEKBRL=X,SEK/BRL
SARJOD=X,SAR/JOD
SGDVEF=X,SGD/VEF
SBD=X,USD/SBD
SEKHKD=X,SEK/HKD
SVC=X,USD/SVC
SGDJPY=X,SGD/JPY
SEKIDR=X,SEK/IDR
SVCEUR=X,SVC/EUR
SGDTRY=X,SGD/TRY
SGDLKR=X,SGD/LKR
SEKCZK=X,SEK/CZK
SARRUB=X,SAR/RUB
SGDEUR=X,SGD/EUR
SGDUSD=X,SGD/USD
SGDSAR=X,SGD/SAR
SGDCOP=X,SGD/COP
SARKES=X,SAR/KES
SEKPHP=X,SEK/PHP
SCREUR=X,SCR/EUR
SYPUSD=X,SYP/USD
SRD=X,USD/SRD
SVCCHF=X,SVC/CHF
SEKOMR=X,SEK/OMR
SEKJOD=X,SEK/JOD
SGDNZD=X,SGD/NZD
10366938.EX,10366938.EX
SARMXN=X,SAR/MXN
SGDKES=X,SGD/KES
SGDTND=X,SGD/TND
SGDIDR=X,SGD/IDR
SAREUR=X,SAR/EUR
SDG=X,USD/SDG
SGDDKK=X,SGD/DKK
SDGCHF=X,SDG/CHF
TWDUSD=X,TWD/USD
TWDSGD=X,TWD/SGD
TWDMAD=X,TWD/MAD
TWDKRW=X,TWD/KRW
TWDJOD=X,TWD/JOD
TWDILS=X,TWD/ILS
TWDCNH=X,TWD/CNH
TRYUSD=X,TRY/USD
TRYMAD=X,TRY/MAD
TRYLKR=X,TRY/LKR
TRYKWD=X,TRY/KWD
TRYKES=X,TRY/KES
TRYJPY=X,TRY/JPY
TRYGBP=X,TRY/GBP
TRYEUR=X,TRY/EUR
TRYBRL=X,TRY/BRL
TOPEUR=X,TOP/EUR
TNDSEK=X,TND/SEK
TNDRUB=X,TND/RUB
TNDLVL=X,TND/LVL
TNDISK=X,TND/ISK
TNDDKK=X,TND/DKK
TNDCZK=X,TND/CZK
THBTWD=X,THB/TWD
THBTRY=X,THB/TRY
THBSGD=X,THB/SGD
THBNGN=X,THB/NGN
THBEUR=X,THB/EUR
THBDKK=X,THB/DKK
THBCHF=X,THB/CHF
TJSUSD=X,TJS/USD
TNDPHP=X,TND/PHP
THBAUD=X,THB/AUD
TNDAUD=X,TND/AUD
TWDSAR=X,TWD/SAR
TNDLKR=X,TND/LKR
TTDCAD=X,TTD/CAD
TNDEGP=X,TND/EGP
THBISK=X,THB/ISK
TWD=X,USD/TWD
TWDCNY=X,TWD/CNY
TRYDKK=X,TRY/DKK
TNDCAD=X,TND/CAD
THBLTL=X,THB/LTL
TNDSAR=X,TND/SAR
THBIDR=X,THB/IDR
TRYILS=X,TRY/ILS
TRYAED=X,TRY/AED
TNDILS=X,TND/ILS
TWDKES=X,TWD/KES
THBEGP=X,THB/EGP
TWDMXN=X,TWD/MXN
TWDLTL=X,TWD/LTL
THBKRW=X,THB/KRW
TRYZAR=X,TRY/ZAR
TWDLKR=X,TWD/LKR
THBLBP=X,THB/LBP
THBPHP=X,THB/PHP
TRYINR=X,TRY/INR
TWDGBP=X,TWD/GBP
THBNZD=X,THB/NZD
TZS=X,USD/TZS
THBOMR=X,THB/OMR
TTDCHF=X,TTD/CHF
TNDTWD=X,TND/TWD
TNDTHB=X,TND/THB
TNDJOD=X,TND/JOD
THBCAD=X,THB/CAD
TTDGBP=X,TTD/GBP
TRYCHF=X,TRY/CHF
TWDHKD=X,TWD/HKD
TRYTWD=X,TRY/TWD
TMT=X,USD/TMT
TWDNZD=X,TWD/NZD
THBAED=X,THB/AED
TMTCHF=X,TMT/CHF
THBRUB=X,THB/RUB
THBVEF=X,THB/VEF
TNDLTL=X,TND/LTL
TWDHUF=X,TWD/HUF
TRYCNY=X,TRY/CNY
TWDAUD=X,TWD/AUD
TNDIDR=X,TND/IDR
TWDMYR=X,TWD/MYR
THBZWL=X,THB/ZWL
TNDNZD=X,TND/NZD
TTD=X,USD/TTD
THBBRL=X,THB/BRL
THBKWD=X,THB/KWD
TWDAED=X,TWD/AED
TRYOMR=X,TRY/OMR
TNDZAR=X,TND/ZAR
THBPLN=X,THB/PLN
THBCOP=X,THB/COP
TWDISK=X,TWD/ISK
TRYCAD=X,TRY/CAD
TRYNOK=X,TRY/NOK
THBBMD=X,THB/BMD
TWDIDR=X,TWD/IDR
TWDKWD=X,TWD/KWD
THBQAR=X,THB/QAR
TRYLVL=X,TRY/LVL
TMTUSD=X,TMT/USD
TNDHUF=X,TND/HUF
THBBOB=X,THB/BOB
THBMXN=X,THB/MXN
TNDAED=X,TND/AED
TRYTHB=X,TRY/THB
TRYAUD=X,TRY/AUD
TTDXDR=X,TTD/XDR
TWDQAR=X,TWD/QAR
TRYEGP=X,TRY/EGP
THBPKR=X,THB/PKR
THBSEK=X,THB/SEK
TNDKWD=X,TND/KWD
THBNOK=X,THB/NOK
TRYISK=X,TRY/ISK
TRYJOD=X,TRY/JOD
TRYHKD=X,TRY/HKD
THBKES=X,THB/KES
THBJOD=X,THB/JOD
THBLKR=X,THB/LKR
TNDKES=X,TND/KES
TNDSGD=X,TND/SGD
TTDUSD=X,TTD/USD
TWDZAR=X,TWD/ZAR
TRYMYR=X,TRY/MYR
TRYCLP=X,TRY/CLP
TNDINR=X,TND/INR
TTDEUR=X,TTD/EUR
TRYCZK=X,TRY/CZK
TRYIDR=X,TRY/IDR
TWDPHP=X,TWD/PHP
TRY=X,USD/TRY
THBBHD=X,THB/BHD
THBCZK=X,THB/CZK
THBHUF=X,THB/HUF
THBUYU=X,THB/UYU
TOPGBP=X,TOP/GBP
TNDMUR=X,TND/MUR
TNDGBP=X,TND/GBP
TRYTND=X,TRY/TND
TWDPKR=X,TWD/PKR
TRYNZD=X,TRY/NZD
TRYRUB=X,TRY/RUB
THBLVL=X,THB/LVL
TRYPHP=X,TRY/PHP
TNDNOK=X,TND/NOK
TNDKRW=X,TND/KRW
TND=X,USD/TND
TNDCHF=X,TND/CHF
TJS=X,USD/TJS
TWDCAD=X,TWD/CAD
TWDEGP=X,TWD/EGP
TNDHKD=X,TND/HKD
THBMAD=X,THB/MAD
TWDTND=X,TWD/TND
TNDEUR=X,TND/EUR
TWDDKK=X,TWD/DKK
TWDOMR=X,TWD/OMR
TOPCHF=X,TOP/CHF
THBARS=X,THB/ARS
TRYSEK=X,TRY/SEK
TWDCHF=X,TWD/CHF
TNDCNY=X,TND/CNY
TNDPLN=X,TND/PLN
THBCNY=X,THB/CNY
TWDRUB=X,TWD/RUB
TNDUSD=X,TND/USD
THBSAR=X,THB/SAR
THBCLP=X,THB/CLP
TRYHUF=X,TRY/HUF
TWDTHB=X,TWD/THB
THBMUR=X,THB/MUR
TWDSEK=X,TWD/SEK
THBXDR=X,THB/XDR
TRYQAR=X,TRY/QAR
TWDCZK=X,TWD/CZK
THBPEN=X,THB/PEN
TRYMUR=X,TRY/MUR
TRYSGD=X,TRY/SGD
THBMYR=X,THB/MYR
THBINR=X,THB/INR
TOPUSD=X,TOP/USD
TWDJPY=X,TWD/JPY
TWDMUR=X,TWD/MUR
TRYPLN=X,TRY/PLN
THBILS=X,THB/ILS
TNDJPY=X,TND/JPY
TWDTRY=X,TWD/TRY
TNDTRY=X,TND/TRY
TRYMXN=X,TRY/MXN
TWDINR=X,TWD/INR
THBUSD=X,THB/USD
TNDQAR=X,TND/QAR
THBZAR=X,THB/ZAR
TNDOMR=X,TND/OMR
TRYSAR=X,TRY/SAR
TWDEUR=X,TWD/EUR
TWDPLN=X,TWD/PLN
THBTND=X,THB/TND
TOP=X,USD/TOP
TRYLTL=X,TRY/LTL
TJSCHF=X,TJS/CHF
THBJPY=X,THB/JPY
TTDDKK=X,TTD/DKK
TWDLVL=X,TWD/LVL
THBHKD=X,THB/HKD
TWDNOK=X,TWD/NOK
TZSINR=X,TZS/INR
TRYKRW=X,TRY/KRW
THB=X,USD/THB
TNDMXN=X,TND/MXN
THBGBP=X,THB/GBP
TNDMAD=X,TND/MAD
ZWL=X,USD/ZWL
XOF=X,USD/XOF
XCD=X,USD/XCD
VND=X,USD/VND
UZS=X,USD/UZS
UYUBRL=X,UYU/BRL
UYUBOB=X,UYU/BOB
UGXXOF=X,UGX/XOF
UAHUSD=X,UAH/USD
UYUGBP=X,UYU/GBP
UGXANG=X,UGX/ANG
UAH=X,USD/UAH
UGXTND=X,UGX/TND
UGXBMD=X,Uganda Shilling (b) vs Bermuda
UGXDKK=X,UGX/DKK
UGXIDR=X,UGX/IDR
UGXISK=X,UGX/ISK
UYUVEF=X,UYU/VEF
UGXBRL=X,UGX/BRL
UGXZWL=X,UGX/ZWL
UYUMXN=X,UYU/MXN
ZAR=X,USD/ZAR
UGXCNH=X,UGX/CNH
UGXHKD=X,UGX/HKD
UGXTHB=X,UGX/THB
UGXZMW=X,UGX/ZMW
UGXRSD=X,UGX/RSD
UYUCLP=X,UYU/CLP
UGXMYR=X,UGX/MYR
UAHGBP=X,UAH/GBP
UGXJPY=X,UGX/JPY
UGXLKR=X,UGX/LKR
UYUCOP=X,UYU/COP
UYUPEN=X,UYU/PEN
UGXINR=X,UGX/INR
UGXNZD=X,UGX/NZD
UGXZAR=X,UGX/ZAR
UGXEGP=X,UGX/EGP
UYUUSD=X,UYU/USD
UGXSGD=X,UGX/SGD
UYUCHF=X,UYU/CHF
UGXKYD=X,UGX/KYD
ZMW=X,USD/ZMW
UGXTWD=X,UGX/TWD
UGXTOP=X,UGX/TOP
UGXCZK=X,UGX/CZK
UAHEUR=X,UAH/EUR
UAHCHF=X,UAH/CHF
UGXMXN=X,UGX/MXN
UGXNOK=X,UGX/NOK
UGXHUF=X,UGX/HUF
UGXARS=X,UGX/ARS
UGXBWP=X,UGX/BWP
UGXOMR=X,UGX/OMR
VUV=X,USD/VUV
UGXGHS=X,UGX/GHS
UGXRON=X,UGX/RON
UYUPYG=X,UYU/PYG
XDR=X,USD/XDR
UGXPKR=X,UGX/PKR
USD=X,USD/USD
UGXMWK=X,UGX/MWK
YER=X,USD/YER
UGXBDT=X,UGX/BDT
UYUTHB=X,UYU/THB
WST=X,USD/WST
UGXBGN=X,UGX/BGN
XPF=X,USD/XPF
UGXWST=X,UGX/WST
UGXVND=X,UGX/VND
UGXKRW=X,UGX/KRW
UGXKES=X,UGX/KES
UGXMUR=X,UGX/MUR
UGXCOP=X,UGX/COP
UGXSBD=X,UGX/SBD
UGXTZS=X,UGX/TZS
UGXNGN=X,UGXNGN=X
UAHCZK=X,UAH/CZK
UGXCLP=X,UGX/CLP
UGXPHP=X,UGX/PHP
UGXRWF=X,UGX/RWF
UGXRUB=X,UGX/RUB
UGXTRY=X,UGX/TRY
UGXILS=X,UGX/ILS
UGX=X,USD/UGX
UYUEUR=X,UYU/EUR
UGXKZT=X,UGX/KZT
UYU=X,USD/UYU
UGXAUD=X,UGX/AUD
UGXNAD=X,UGX/NAD
UYUARS=X,UYU/ARS
VEF=X,USD/VEF
XAF=X,USD/XAF
UGXFJD=X,UGX/FJD
UGXAFN=X,UGX/AFN
VUVUYU=X,VUV/UYU
VUVBOB=X,VUV/BOB
VNDJPY=X,VND/JPY
VEFUSD=X,VEF/USD
VEFARS=X,VEF/ARS
VUVMAD=X,VUV/MAD
VEFPEN=X,VEF/PEN
VUVEGP=X,VUV/EGP
VEFMXN=X,VEF/MXN
VEFXDR=X,VEF/XDR
VUVCHF=X,VUV/CHF
VEFCHF=X,VEF/CHF
VUVZAR=X,VUV/ZAR
VUVCLP=X,VUV/CLP
VEFCAD=X,VEF/CAD
VUVCOP=X,VUV/COP
VEFCLP=X,VEF/CLP
VEFBRL=X,VEF/BRL
VEFBOB=X,VEF/BOB
VEFPYG=X,VEF/PYG
VNDKRW=X,VND/KRW
VEFCOP=X,VEF/COP
VUVEUR=X,VUV/EUR
VUVUSD=X,VUV/USD
VUVVEF=X,VUV/VEF
VUVGBP=X,VUV/GBP
VUVILS=X,VUV/ILS
VUVNGN=X,VUV/NGN
VUVARS=X,VUV/ARS
VUVMUR=X,VUV/MUR
VUVJOD=X,VUV/JOD
VUVZWL=X,VUV/ZWL
VEFTHB=X,VEF/THB
VUVPEN=X,VUV/PEN
VUVSAR=X,VUV/SAR
VUVMXN=X,VUV/MXN
VUVBMD=X,VUV/BMD
VEFEUR=X,VEF/EUR
VUVCAD=X,VUV/CAD
VUVBRL=X,VUV/BRL
VEFGBP=X,VEF/GBP
VUVAED=X,VUV/AED
VEFUYU=X,VEF/UYU
WSTEUR=X,WST/EUR
WSTUSD=X,WST/USD
WSTGBP=X,WST/GBP
WSTCHF=X,WST/CHF
ZARUSD=X,ZAR/USD
XOFGHS=X,XOF/GHS
XDRGBP=X,XDR/GBP
XCDEUR=X,XCD/EUR
XAFDKK=X,XAF/DKK
XDRUSD=X,XDR/USD
XPFEUR=X,XPF/EUR
XPFCAD=X,XPF/CAD
XPFUSD=X,XPF/USD
ZARCHF=X,ZAR/CHF
XCDUSD=X,XCD/USD
ZAREUR=X,ZAR/EUR
XDRDKK=X,XDR/DKK
XPFCHF=X,XPF/CHF
XDRNOK=X,XDR/NOK
XPFGBP=X,XPF/GBP
XCDCAD=X,XCD/CAD
XOFDKK=X,XOF/DKK
XCDCHF=X,XCD/CHF
XDREUR=X,XDR/EUR
XCDDKK=X,XCD/DKK
XCDGBP=X,XCD/GBP
YERTHB=X,YER/THB
ZARTWD=X,ZAR/TWD
ZARRSD=X,ZAR/RSD
ZARMUR=X,ZAR/MUR
ZARLSL=X,ZAR/LSL
ZARHRK=X,ZAR/HRK
ZARKRW=X,ZAR/KRW
ZARMWK=X,ZAR/MWK
ZARPLN=X,ZAR/PLN
ZARAOA=X,ZAR/AOA
ZMWCAD=X,ZMW/CAD
ZARISK=X,ZAR/ISK
ZARINR=X,ZAR/INR
ZMWEUR=X,ZMW/EUR
ZARILS=X,ZAR/ILS
ZAREGP=X,ZAR/EGP
ZARPHP=X,ZAR/PHP
ZARLVL=X,ZAR/LVL
ZMWCHF=X,ZMW/CHF
ZARXDR=X,ZAR/XDR
ZARCNY=X,ZAR/CNY
ZMWDKK=X,ZMW/DKK
ZARSZL=X,ZAR/SZL
ZARBRL=X,ZAR/BRL
ZARPKR=X,ZAR/PKR
ZARIDR=X,ZAR/IDR
ZARLKR=X,ZAR/LKR
ZARTRY=X,ZAR/TRY
ZARBWP=X,ZAR/BWP
ZARNGN=X,ZAR/NGN
ZARLTL=X,ZAR/LTL
ZMWUSD=X,ZMW/USD
ZARRUB=X,ZAR/RUB
ZMWJPY=X,ZMW/JPY
ZARGHS=X,ZAR/GHS
ZARDKK=X,ZAR/DKK
ZARSCR=X,ZAR/SCR
ZARCZK=X,ZAR/CZK
ZARSAR=X,ZAR/SAR
ZARKWD=X,ZAR/KWD
ZARUGX=X,ZAR/UGX
ZMWGBP=X,ZMW/GBP
ZARHUF=X,ZAR/HUF
ZARKES=X,ZAR/KES
ZARTND=X,ZAR/TND
ZARCLP=X,ZAR/CLP
ZARMXN=X,ZAR/MXN
ZARAED=X,ZAR/AED
ZARMAD=X,ZAR/MAD
ZAROMR=X,ZAR/OMR
ZARTHB=X,ZAR/THB
ZARQAR=X,ZAR/QAR
ZARUAH=X,ZAR/UAH
ZARJOD=X,ZAR/JOD
